,Instructions:,"Enter your Opportunities in the table below. An Opportunity is a deal, potential sale, or any other business opportunity. 
The Opportunities listed here can be referenced via dropdowns in the other input sheets.",,,,,,,,,,,x,
,ORGANIZATIONS,"SEGMENT
(DROPDOWN)","DISTRIBUTOR 
(DROPDOWN)",,"PRIMARY ACCT. MANAGER 
(DROPDOWN)","SECONDARY ACCT. MANAGER 
(DROPDOWN)",WEEKLY PRIORITY-DATED MONDAYS,LINKEDIN,PHONE,STREET ADDRESS,CITY,"STATE
(DROPDOWN)",ZIP CODE,NOTES
"PRIORITY-FOCUS (A-D) A-highest 
(DropDown)",Organizations,"SEGMENT
(DropDown)","DISTRIBUTOR 
(DropDown)",Distr Rep,"PRIMARY ACCT. MANAGER 
(DropDown)","SECONDARY ACCT. MANAGER 
(DropDown)",Weekly Priority-dated Mondays,LINKEDIN,PHONE,STREET ADDRESS,CITY,"STATE
(DropDown)",Zip Code,NOTES
B,040 KITCHEN INC,,,,,,,,,,,,,
D,2d Restaurant,,,,,,,,,,,,,
,"7 K FARMS, INC.",Distributor,,,,,,,,,,IN,,
B,7 Monks Taproom Grand Rapids,,,,Gary,,,,,,,,,
A+,8 hospitality group,,,,Dale,,,,,,,,,"Hubbard Inn, MASQ joy, district parlay joy, parlay, LINKIN PARK, HVAC, pub, LIQR taco pub Cardoza's pub Caf  Banda never have I ever "
,86 FOOD SERVICE,,,,,,,,,,Chicago,IL,,
,90 miles Cuban cafe,,,,,,,,,,,,,
,A & G FOODSERVICE,Distributor,,,,,,,,,Chicago,IL,,
,A Little Taste of Texas,Casual,,,Brent,,,,,,Glasgow,KY,,email about samples cheese curds
A,A Plus Inc DBA: Noodles Etc,,,,,,,,,,,,,
B,A&W,Chain/Group Member,,,Brent,,,,,,,,,
D,A.Fusion,Ethnic,PFG,,Q,,,,,4601 lincoln Highway,Matteson,IL,,Garlic & Sriracha interest. End up purchasing original &jalape o from PFG
,Abbvie,,,,Michell,,,,,,,,,
A,Acaibowl.LLC,,,,Dale,,,,,,,,,
,ACME STEAK & SEAFOOD,Distributor,,,Gary,,,,,,,OH,,
,AJ's Pizza,Pizza,Greco,,Dale,,,,,,,,,
D,AKRON,,,,Dale,,,,,,,,,
D,AL BAWADI GRILL,,,,Brent,,,,,,,,,FS call.samples dropped.advance to buyer Brian. Send email.
,AL PEAKE & SONS INC.,Distributor,,,Gary,,,,,,,OH,,
A,Al Peake amd Sons,Distributor,,,Gary,,,,,,toledo,OH,,Jack Gilbertson buyer- hispanic focus broadliner[wonderjuice and curds
B,Albanos Pasta,Ethnic,,,Gary,,45810,,,,Valparaiso ,IN,,
B,Ale Emporium,Gastropub,,,Brent,,,,,,,,,
A,ALEGRIAS,Fine Dining,,,Michell,,,,,"1024 N. Ashland Ave., Chicago, IL 60622 ",Chicago,IL,60622,
D,Alice & Friends2,,,,Bob,,,,,"2201 S. Michigan Ave., Chicago, IL 60616 ",Chicago,,,
D,Alice & Friends-Ashland,,,,Brent,,,,,"1723 N Halsted St, Chicago,",Chicago,,,
A,ALINEA,Fine Dining,,,Michell,,,,+1 (312) 867-0110,"1723 N Halsted St, Chicago,",Chicago,IL,60614,
D,All Ways Catering,Caterer,,,Michell,,,,+1 (312) 363-2431,110 Turner ave,Elk Grove Village,IL,,
C,Allen County School s Food Service,Education,,,,,,,,,,,,
D,Allen County School s Food Service ,,,,Bob,,,,+1 (224) 735-2450,,,,,Director Robin Herrington at 270-618-3181 or Allen County Primary Center at 270-618-7200
C,AMARU,,,,Dale,,,,(312) 955-0306,,,,,
B,Amg,,,,Bob,,,,(312) 337-6070,,,,,
D,Anchored Consulting,,,,Brent,,,,+1 (773) 327-4900,,,,,
C,Andre's Avery's,,,,Bob,,,,+1 (708) 205-5341,,,,,
C,Anelya,,,,Dale,,,,,,,,,
D,Angie's,,,,Brent,,,,,,,,,
D,Angie's Sports Bar & Pizzeria,Gastropub,,,Q,Dale,,,,,,,,
,ANMAR FOODS,Distributor,,,,,,,,,Chicago,IL,,
,ANTHONY MARANO COMPANY,Distributor,,,,,,,,,Chicago,IL,,
C,Apis Hotel,,,,Bob,,,,,,,,,
,APOLLO FOODS,Distributor,,,Gary,,,,,,,MI,,
B,Apolonia,Fine Dining,,,Michell,,,,+1 (312) 363-2431,"2201 S. Michigan Ave., Chicago, IL 60616 ",Chicago,IL,60616,
D,aramark,,,,Bob,,,,,,,,,
C,Arami,,,,Bob,,,,,,,,,
B,Arch City Tavern,Gastropub,,,Brent,,,,,,,,,
A,Arlington Tap House,Gastropub,,,Michell,,45810,,+1 (224) 735-2450,1204 W Rand Rd,Arlington Heights,IL,60004,
D,Aromatix Catering,,,,Q,,,,,,,,,
D,Around The Clock,,,,Brent,,,,,,,,,
B,Arthur Treachers,Chain/Group Member,,,Dale,,,,,,,,,
A+,artisan,Distributor,,,Dale,,,,,,,,,
,ARTISAN SPECIALTY FOODS,Distributor,,,,,,,,,,IL,,
C,ARUNS THAI,,,,Michell,,,,,,,,,
C,Asador Bastian,Fine Dining,,,Michell,,,,,,,,,
A,Ashland University,College & Universites ,GFS,,Gary,,,,,,,OH,,Nathan Schegerikmis NH Rep Nick Forester is GFS rep
A+,Astor Club,Fine Dining,Testa,,Dale,,45810,,,24 E. Goethe St,Chicago,IL,60610,Testa Kristen lead for VAF; Chef Trevor/Adam Butler
,At the Office Bar& Grill,Gastropub,,,Q,Dale,,,,4901 cal sag rd,Crestwood ,IL,60445,Sue or Tim are the owner
B,Atelier ,Fine Dining,,,Gary,,,,,,,,,
,ATLANTIC FOOD DIST.,Distributor,,,Gary,,,,,,,OH,,
B,Atlantic Food Distributors ,Distributor,Atlantic,,Brent,Mike,,,,,,,,
,ATLANTIC FOODS CORP.,Distributor,,,Gary,,,,,,,OH,,
,ATLAS WHOLESALE,Distributor,,,Gary,,,,,,,MI,,
A+,Au Cheval,Chain/Group Member,,,Dale,,,,,800 W Randolph St,Chicago,IL,,
C,Austin's Wood Fire Grille,,,,Brent,,,,,,,,,
,AVANTI FOODS,Distributor,,,,,,,,,WALNUT,IL,,
D,AVEC,,,,Bob,,,,,,,,,
C,Avgo (Theo's RG),Casual,CW ,,Dale,,,,,,,,,
,Avli,Fine Dining,Testa,,Dale,,,,,,Chicago',,,Follow up on VAH and Frties
D,Avli Restaurants,,,,Bob,,,,,,,,,
D,Azul Marisol's 7 Muelle,,,,Bob,,,,,,,,,
,B & B PRODUCE,Distributor,,,,,,,,,LOCKPORT,IL,,
,B AND B FOODS,Distributor,,,,,,,,,,IN,,
D,B N B CREATIONS,,,,Brent,,,,,,,,,
,B.E.S INC.,Distributor,,,,,,,,,,IN,,
A,Back Yard Burgers,Casual,,,Brent,,,,,,,,,
,BADGER MURPHY F.S.,Distributor,,,,,,,,,Chicago,IL,,
C,Bailey's bar and Grill ,,,,Bob,,,,,,,,,
A,Baker Street,Chain/Group Member,USF,,Brent,,,,,,Fort wayne,IN,,
,Baldwin Wallace,College & Universites ,GFS,,Gary,,,,,,,,,
A,Baldwin Wallace University,College & Universites ,GFS,,Gary,Gary,45789,,,,cleveland,,,
C,Ball State U,College & Universites ,USF,,Gary,Dale,,,,,,,,
A+,Ballyhoo Hospitality,Chain/Group Member,,,Dale,,,,312-577-4004 ,908 North Halsted St. ,Chicago,IL,60642,"Gemini, coda Del Velte, old Pueblo, Sophia, Pomeroy, pizza by Sal, Buck Russells, Danucci's, Gemini, petite Pomeroy "
C,Bally's Casino and Hotel,,,,Sue,Dale,,,888 822-2559,600 N. Wabash Ave.,Chicago,IL,60611,They want to support diverse vendors. Sue to set up a meeting.
C,Bally's Casino and Hotel TAP HOUSE RESTAURANT AND BAR,,,,Michell,,,,,,,,,DOES NOT LIKT THE OVERBREADING OGF THE SYSCO IMPERIAL BRAND CHEESE CURD LOOKING TO SWITCH
D,Ballys Casino Cavanugh's,,,,Bob,,,,,,,,,
B,Ballys Casino Evansville,Entertainment/Casinos/Theatres,Wabash,,Brent,,,,,,,,,
A,Bangers and Lace,Chain/Group Member,,,Michell,,,,,1670 W Division St ,Chicago,IL,60622,
C,Banyan Ko,,,,Dale,,,,,,,,,
C,BAR MAR,,,,Dale,,,,,,,,,
C,Bare bones ,,,,Dale,,,,,,,,,
,Barefoot Republic Camp,Hospitality,,,brent,,,,,,Fountain Run,KY,,intro
B,Barley s Brewing Company Ale House #1,Gastropub,,,Brent,,,,,,,,,
A,Barrio,Ethnic,USF,,Michell,,,,,65 W Kinzie St,Chicago,IL,60654,Vegetarian/ Vegan options
C,Bastion,,,,Brent,,,,,,,,,
D,Bastista's Pizza,,,,Dale,,,,,,,,,
,BATTAGLIA DIST. CORP. INC,Distributor,,,,,,,,,Chicago,IL,,
D,Batter & Berries,,,,Bob,,,,,,,,,
A,Bavarian Inn/cheese trap,Gastropub,GFS,,Gary,,,,,,frankenmuth,MI,,"monica claimed cudtown customer. I cisited in Feb -left sample kit,/monica sent dill sample."
A,Bavette's Bar and Steakhouse,Chain/Group Member,,,Michell,,,,+1 (312) 624-8154,218 W Kinzie St,Chicago,IL,60654,Actually advertises steak frites! A vegas spot too!
D,Baxter's North America,,,,Bob,,,,,,,,,
C,BAZAAR,,,,Michell,,,,,,,,,
A,Bear and the Butcher ,Fine Dining,,,Q,,,,(312) 955-0306,2721 N Halsted St,Chicago ,IL,,
B,Beard and Belly,Gastropub,,,Dale,,,,,,,,,
A,Beatnik on the River,Fine Dining,Testa,,Dale,,45810,,,,,,,
,BEAVER WHOLESALE MEATS,Distributor,,,Gary,,,,,,,OH,,
A,beer exchange,Gastropub,GFS,,Gary,,,,,,,MI,,
A,Beggars Pizza,Chain/Group Member,,,Dale,,,,,,,,,
,Bella's Pizza,Pizza,Greco,,Dale,,,,,,Saugatuck,MI,,erun rogers plant based leads gfs
D,Bellen Container Corp. dba Packaging By Design,,,,Gary,,,,,,,,,
A,benny dicartas,Gastropub,GFS,,Gary,,,,,,,MI,,
C,Best Intentions,,,,Gary,,,,,,,,,
A,Beverly CC,Country Clubs/Golf/Health Fitness,GFS,,Gary,,45810,,,,Chicago,IL,60652,GFS ROSEMONT F/U 87th street
B,Bian,Gastropub,,,Dale,,,,,,,,,
A,BIBIBOP Asian grill,Chain/Group Member,,,Brent,,,,,,Columbus,OH,,Lead from bb. Brent and I will research
B,Big Boy,Chain/Group Member,,,Bob,,,,,,,,,
D,Big City Tap,,,,Brent,,,,,,,,,
A,Big Eds BBQ,,,,,,,,,,,,,
,Big Ed's BBQ,Casual,USF,,Michell,,,,8474735333,651 Lakehurst Rd,Waukegan,IL,60085,
C,Big jones,,,,Bob,,,,,,,,,
D,Big Red Oven,,,,Bob,,,,,,,,,
A,Big Woods,Chain/Group Member,,,Brent,,,,,,,,,
,BINK'S WINES & BEVERAGES,Distributor,,,Gary,,,,,,,MI,,
,Bistro Coco,Fine Dining,CW ,,Brent,Dale,,,,250n Warren St,Dayton,OH,45402,Shipped Chef Zac a sample box of Annasea Tuna and salmon
A,Bizarre meat by Jose Andres ,Fine Dining,,,Michell,,,,,"120 N. Wacker Drive, Chicago, Illinois ",Chicago,IL,60606,
,Bl Development Group,,,,Bob,,,,,,,,,
D,Blackwing Organic Meats,,,,Dale,,,,,,,,,
A,blondies ,Vegan/ Vegetarian,GFS,,Gary,,,,,,Flint,MI,,meeting-awaiting assigned sales rep names
D,Bloom & Associates,,,,Bob,,,,,,,,,
C,Bloom plant based,,,,Michell,,,,,,,,,
C,Blue Chip Casino,Entertainment/Casinos/Theatres,,,Dale,,,,,,,,,
B,Blue Oyster,Gastropub,,,Gary,,,,,,Valparaiso ,IN,,Chef Edddie
,Blue Ridge Hotel partners,,,,Bob,,,,,,,,,
D,Bluebeard,,,,Dale,,,,,,,,,
A,Bluegrass Hospitality Group,Chain/Group Member,GFS,,Brent,,45789,,,,,,,
B,Bob Chinn's  Crabhouse,Casual,,,Dale,,,,,,,,,
,Bob Chinn's Crabhouse ,Casual,Other,,Michell,,,,(847) 520-3633,393 S Milwaukee Ave,Wheeling,IL,60090,
C,Bobcat Bonnie ,,,,Gary,,,,,,,,,
C,Bobcat Bonnie's,,,,,,,,,,,,,
D,Boelter,,,,,,,,,,,,,
D,Boeufhaus,,,,,,,,,,,,,
A,Boka,Chain/Group Member,,,Gary,,,,(312) 337-6070,1729 N. Halsted Street ,Chicago,IL,,Please call on me ..several locations and catering. Tentori doesn't work there. New lead: Tentori works at GT Prime Steakhouse. 
A,Boka Restaurant Group/Momotaro,Chain/Group Member,,,Q,,,,,820 West Lake St. ,Chicago,IL,,Please call on me ..several locations and catering. Tentori doesn't work there. New lead: Tentori works at GT Prime Steakhouse. 
,Bolingbrook golf club & banquet,Country Clubs/Golf/Health Fitness,,,Michell,,,,,,,,,
A+,Bon Appetit,Management company,,,Dale,,,,,,,,,
D,BON Manger Catering and Events,,,,,,,,,,,,,
D,"Boodell & Domanskis, LLC",,,,,,,,,,,,,
C,Boonies,,,,,,,,,,,,,
,"BOSCO FOOD SERVICE, INC.",Distributor,,,Gary,,,,,,,MI,,
B,BOWLING GREEN STATE,College & Universites ,,,Brent,,,,,,,,,
C,Brass elk ,,,,,,,,,,,,,
A,Brassica,Gastropub,,,Gary,,,,,,,,,
B,BRGBELLY,Casual,,,Bob,,,,,5739 w. Irving park road,,,,
A,Briar Ridge,Country Clubs/Golf/Health Fitness,CW ,,Dale,,,,,,,,,
A,brick and brine,Gastropub,GFS,,Gary,,,,,,,MI,,
D,BRINDILLE,,,,,,,,,,,,,
A,Brio Tuscan,Fine Dining,,,Gary,,,,,,,,,
,Broken Barrel bar,Gastropub,Sysco,,Q,,,,,2548 n southport ave,Chicago,IL,60614,Took Frites Street Fries to the chef and loves the fries. Fries too espensive for them. 
B,Broken barrel bar ,Gastropub,,,Dale,,,,+1 (773) 327-4900,2548 N Southport Ave,,,,
A,Bronzeville WINERY,Gastropub,Sysco,,Michell,Gary,,,,,,,,
D,Brooklyn and The Butcher,,,,Brent,,,,,,,,,Sister account to The Exchange.
,BROWN FOOD SERVICE,Distributor,,,Brent,,,,,,,KY,,
D,BuB Cafe,,,,Dale,,,,,,,,,
A,Bub City,Casual,,,Michell,,,,,43rd N. Clark Street,Chicago,IL,60654,
D,Bubba's 33 (Texas roadhouse little sister),Casual,,,Bob,,,,,,,,,
B,Buckee,Travel,,,Brent,,,,,,,,,
,Bugsy's,Casual,Greco,,Dale,,,,,,,,,
C,Bullpen,Gastropub,USF,,Dale,,,,,,,,,Sampled curds; purchased Original. 
,Buragtory,Gastropub,Greco,,Dale,,,,,,,,,7 units; original
,BurgerUp,Gastropub,,,Brent,,,,,,Cool Springs,TN,,
B,Butcher & The burger,Gastropub,,,Bob,,,,,1021 w. Armitage Ave,Chicago,IL,,
B,Butcher and the bear ,Fine Dining,,,Brent,,,,+1 (708) 205-5341,,,,,
D,Cafe 53,,,,Michell,,,,,,,,,
D,Cafe Olympic,,,,Michell,,,,,,,,,
,Calling a Chef LLC,,,,Brent,,,,,,,,,
D,Calo Restaurant ,,,,Dale,,,,,,,,,
A+,Cameron Mitchell,Chain/Group Member,,,Brent,,,,,,Columbus,OH,,"Drop off samples from Annasea, Kaufhold and Frites Street"
A,Cameron Mitchell restaurant group,Chain/Group Member,,,Brent,,,,,,,,,
D,Can t believe it s not meat,,,,Michell,,,,,,,,,
D,Can't Belive It;s Not Meat,,,,Michell,,,,,,,,,
,CANTON HOTEL & RESTSUPCO.,Distributor,,,Gary,,,,,,,OH,,
A,Caplinger,Caterer,Piazza Produce,,Gary,,,,,,,,,
,CARAMAGNO FOODS,Distributor,,,Gary,,,,,,,MI,,
C,Caring,,,,Brent,,,,,,,,,
C,Carlisle ,,,,Dale,,,,,,,,,
D,Carlos & Lupitas Restaurants,,,,Q,,,,,,,,,
D,Carlos Pancake House,,,,Bob,,,,,,,,,
A,Carl's jr,Chain/Group Member,,,Gary,,,,,,,,,
,CARMELA FOODS DISTRIBUTIN,Distributor,,,Gary,,,,,,,MI,,
A,CARSON S RIBS,Casual,,,Michell,,,,,465 E Illinois St,Chicago,IL,60611,
A,Castle Hospitality,Chain/Group Member,,,Gary,,,,,11 East Hubbard St. ,Chicago,IL,,
,CATANESE CLASSIC SEAFOODS,Distributor,,,Gary,,,,,,,OH,,
B,CATCH 35,Casual,,,Dale,,,,,,,,,
D,Catering Out The Box,,,,Brent,,,,,,,,,
A,CBK ,Casual,,,Michell,,,,,,,,,
D,Cellar Bar,,Sysco,,Bob,,,,,,,,,
C,Cellar door,,,,Q,,,,,,,,,
D,Center Plate Development Co.,,,,Q,,,,,,,,,
C,Central Kitchen + Bar,,,,Gary,,,,,,,,,
D,CENTRAL MARKET,,,,Dale,,,,,,,,,
A,Century,Group Purchasing Organization,Direct-Foodservice,,Gary,Gary,,,,,columbus,,,
C,Chaney's Dairy Farm,Casual,,,Bob,,,,,,,,,
D,Chapel Street Cafe,,,,Dale,,,,,,,,,
A,Charlie Baggs Culinary Innovations,,,,Dale,,,,,,,,,
C,Charlies,,,,Michell,,,,,,,,,REP will bring the kit to the chef on their next meeting.
,Char? 'd Brourbon Kitchen +Bar,Gastropub,,,Brent,,,,,,louisville,KY,,pass along a Kaufholds Sample kit Chef
D,Chasers,,,,Q,Dale,,,,,,,,left wamples with bartender Lee; gave brief presentation 
D,Cheer's Food & Drink,,,,Dale,,,,,,,,,
A,cheers in chestertown,Gastropub,GFS,,Gary,,,,,,,IN,,GFS ROSEMONT F/U
D,Chef Dave Madison,,,,Q,,,,,,,,,
,Chef Jose Solis,Casual,Sysco,,Michell,,,,(773) 289-4274,2714 N Milwaukee Ave,Chicago,IL,60647,Have visited wtice. They have bought TCFB. 
,CHEF SOURCE,Distributor,,,Gary,,,,,,,MI,,
C,Chefs special cocktail,,,,Dale,,,,,,,,,
A,Chefs Warehouse,Distributor,CW ,,Dale,,,,331-213-3364,,,,,meeting set for 3/26
A,Chef's Warehouse - Chicago,Distributor,CW ,,Dale,,45789,,,,,,,
,CHEFS WAREHOUSE CHICAGO,Distributor,,,,,,,,,Chicago,IL,,
,"CHEFS' WAREHOUSE MIDWEST,",Distributor,,,Gary,,,,,,,OH,,
A,chelsea retirement,Healthcare,GFS,,Gary,,,,,,,MI,,
D,Cherry Creek Golf Course,,,,Bob,,,,,,,,,
A,Chicago chophouse ,Fine Dining,,,Michell,,,,,"60 W. Ontario Street, Chicago, Illinois  ",Chicago,IL,,
A,Chicago Club,Fine Dining,Testa,,Dale,,45810,,,,,,,Emailed Steve Testa
D,Chicago Club Makers LLC,,,,Bob,,,,,,,,,
B,Chicago Cut,Fine Dining,,,Michell,,,,,,,,,
B,Chicago cut steakhouse ,Fine Dining,,,Q,,,,,300 N. La Salle Dr,Chicago,IL,,"Dessert of the day, must ask server. skin on fries. "
A,Chicago Diner,Vegan/ Vegetarian,Testa,,Michell,,,,,2333 N Milwaukee Ave,Chicago ,IL,60647,Will visit with a vegan kit. 
B,Chicago Q,Casual,,,Dale,,,,,,,,,
D,Chicago Vegan Foods,Vending,,,Michell,,,,,,,,,
D,Chicago winery,,,,Gary,,,,,,,,,
A,Chicken Salad Chick,Chain/Group Member,,,Gary,,,,,,,,,
C,Chilean balsam,,,,Michell,,,,,,,,,
D,Chocolate Shoppe Ice Cream Co,,,,Bob,,,,,,,,,
,CHRIST PANOS EGV,Distributor,,,,,,,,,Chicago,IL,,
,CHRIST PANOS FOODS,Distributor,,,,,,,,,Chicago,IL,,
A,Cira/Boca Group,Chain/Group Member,,,Michell,,,,,,,,,
D,Citizen M,,,,Bob,,,,,,,,,
D,Clairebook CC,,,,Bob,,,,,,,,,
,CLARK RESTAURANT SERVICE,Distributor,,,Brent,,,,,,,KY,,
D,ClarkLindsey,,,,Dale,,,,,,,,,
A,Classic Cafe,Caterer,,,Gary,,,,,,fort wayne,IN,,presented RR sauces Tandoori amd Butter chicken on drums and in cubess; left Kurd kit;presented BB hot dogs and land lovers filet
,Clean Eatz,Meal Prep Service,PFG,,Michell,,,,,7776 B S Randall Rd,Algonquin,IL,,
,CLEMS REFRIGERATED FOODS,Distributor,,,Brent,,,,,,,KY,,
A,Club 18 at Mister B's(Evansville and Owensboro,Casual,GFS,,Brent,,,,812-492-0075,,,,,Drop samples to GMs of all locations except BG and Owensboro.  Need to follow up with jared@misterbspizza.com
B,Club Hawthrone Crestwood ,Entertainment/Casinos/Theatres,PFG,,Q,,,,605-595-1636,13148 rivercrest dr,Crestwood,IL,,Met with Rebecca. Loves the Garlic & Jalape o. Has cheese curds but might replace them bc of flavor(s). 11-12-24
D,Cocina Costera Tulum,,,,Q,,,,,850 w Fulton Market,Chicago,IL,,
C,COCO PAZZO,,,,Dale,,,,,,,,,
C,Cod di Volpe,,,,Bob,,,,,,,,,
,Colasanti's / Milford Markets,,,,Michell,,,,,,,,,
C,Coles public house ,,,,Bob,,,,,,,,,
,Community Hospitality,Chain/Group Member,,,brent,,,,,,Nashville,,,
D,Concept Development Group,,,,Bob,,,,,,,,,
D,Concordia College Dining Services,,,,Gary,,,,,,,,,
,"Continental Canteen - Sterling Heights, MI",,,,Brent,,,,,,,,,
A,Coopershawk,Chain/Group Member,,,Michell,Dale,,,,,,,,
D,Copper Fox,,,,Dale,,,,,,,,,
A,Coppolillo's,Chain/Group Member,,,Gary,,45810,,,,crown point,IN,,
,"CORFU FOODS, INC.",Distributor,,,,,,,,,,IL,,
A,corleones,Gastropub,,,Gary,,,,,,Independence,OH,,Lead from Delmonicos
A,CORNELL NYC,College & Universites ,,,Dale,,,,,,,,,NACUFS SHOWCASE EAST AND SOUTH USA
A+,Cornerstone Restaurant Group,Chain/Group Member,,,Dale,,,,,,,,,"Urban Belly, The Table at Crate, Sol Toro, MJ23 Sports Bar Michael Jordan's Steakhouse, Hi-Fi Chicken and Beer, Brassierie 1783"
,"COSGROVE DISTRIBUTORS,INC",Distributor,,,,,,,,,,IL,,
,Cousin's Pizza Pub,Pizza,Greco,,Dale,,,,630-980-8181,966 w lake st,Roselle,IL,,
A,Cracker Barrel,Chain/Group Member,,,Brent,,,,,,,,,
D,Craft & Crew Hospitality,,,,,,,,,,,,,
,Craft Burger,Casual,Sysco,,Michell,,,,,,Chicago ,,,
,Craft'd,Casual,,,Q,,,,,,,,,
,CREATION GARDENS,Distributor,,,Brent,,,,,,,KY,,
,Creekside Restaurant & Bar,,,,,,,,,,,,,
C,Crescent Hill Craft House,,,,,,,,,,,,,
A,CRG DINING,Chain/Group Member,GFS,,Gary,,,,,,Indianapolis,IN,,
,CRISTINA FOODS,Distributor,,,,,,,,,Chicago,IL,,
,CRITCHFIELD MEATS WHSL.,Distributor,,,Brent,,,,,,,KY,,
A,Crown Republic Gastropub,Gastropub,,,Gary,,,,,,,,,
A,Crown restaurant group,Chain/Group Member,,,Gary,,,,,,,,,
A,CRS One Source,Distributor,,,Brent,,,,,,Paducah,KY,,Edgar is Director of Sales
D,Crumb Crusher,,,,,,,,,,,,,
D,Crushed pizzeria,,,,,,,,,,,,,
A,Crust Brewing,Gastropub,Sysco,,Dale,Gary,,,,,,,,
D,Culinary Misfits,Gastropub,GFS,,Gary,,,,,,crown point,IN,,Chef Erin
,Cumin bowl,Ethnic,,,,,,,,,,,,
,Curts Cafe,Casual,,,Michell,,,,(847) 748-8086,766 2nd St,Higland Park,IL,60035,"Two locations, Highland Park and Evanston"
D,Cynergy Bakes,,,,,,,,,,,,,
A,dabney and company,Gastropub,GFS,,Gary,,,,,,,MI,,
C,Daisies,,,,,,,,,,,,,
C,Daisies poorboy and Tavern ,,,,,,,,,,,,,
,DALMARES PRODUCE,Distributor,,,,,,,,,Chicago,IL,,
D,Danny's,,,,,,,,,,,,,
D,"Dar Baklava, LLC",,,,,,,,,,,,,
D,D'Asti Deli,,Greco,,Dale,,,,,1410 irving park rd,bensenville ,IL,,Left samples with Manager Meme; garlic prefered
A,Dave & Buster's Rosemont,Chain/Group Member,,,Michell,,,,7739871128,"9870 Berwyn Ave. Des Plaines, Il",,IL,,
A,Dave & Buster's Schaumburg,Chain/Group Member,,,Michell,,,,8503450276,"601 N Martingales Rd Schaumburg, IL",,IL,,
B,Dawg House,Fast food,,,Gary,,,,,,elyria,OH,,W/w Atalntic Distributor Rep JOSH CHAMBERS
C,Dear Margaret,,,,,,,,,,,,,
C,DEARLY BELOVED,,,,,,,,,,,,,
,DELCO FOODS,Distributor,,,,,,,,,,IN,,
A,Delmonico,Fine Dining,northern hasserot,,Gary,Brent,,,,,Independence,OH,,
C,Delwood,,,,,,,,,,,,,
C,Demera,,,,,,,,,,,,,
,DENIRO CHEESE CO.,Distributor,,,Gary,,,,,,,OH,,
A,DePaul University,College & Universites ,,,Michell,,45789,,,,,,,
A,DeRosa Corporation,Chain/Group Member,,,Brent,,,,,,,,,
D,Diageo Beer Company,,,,,,,,,,,,,
,DILGARD FOODS COMPANY,Distributor,,,,,,,,,,IN,,
A+,DINEAMIC HOSPITALITY,Chain/Group Member,,,Dale,,,,,,,,,"Bar La Rue, La Sierra Prime and Provisions, Lyra, Violi, Sienna Tavern, Bandit, Barrio, Blanks Bar, Builders Building, Dineamic Catering"
A+,Direct Food Service,Distributor,Direct-Foodservice,,Dale,,,,630-350-2171,204 North Edgewood Dr. ,Woodale,IL,60191,Positive response of Annasea. Use as ingredient or as finished pupu
,Direct Food Services,,,,,,,,,,,,,
A,dirty franks,Chain/Group Member,GFS,,Brent,,,,,,,,,
,DISCOUNT PIZZA SUPPLY,Distributor,,,,,,,,,,IN,,
,District 6 Restaurant,,,,,,,,,,,,,
,"DIXON FISHERIES, INC.",Distributor,,,,,,,,,,IL,,
B,DMK Burger Bar,Gastropub,,,Michell,,,,,1410 S. special Olympics Drive,,,,
B,Dog House,Fast food,,,Gary,,,,,,Brunswick,OH,,W/w Atalntic Distributor Rep JOSH CHAMBERS
B,Dog n Suds Drive In,Chain/Group Member,,,,,,,,,,,,
A,Donato's,Chain/Group Member,,,Brent,,,,,,,,,
,Dorthy Lane Market,Retail,,,Brent,,,,,,Dayton,OH,,talkd about poke they get bulk seafood and poke mix from NOH
D,DosBros,,,,,,,,,,,,,
A,DOT,College & Universites ,,,Dale,,,,,,,,,NACUFS SHOWCASE EAST AND SOUTH USA
D,Dots Platform,,,,,,,,,,,,,
,DOUBLE B DISTRIBUTORS,Distributor,,,Brent,,,,,,,KY,,
C,Dovetail ,,,,,,,,,,,,,
B,DP Dough,Casual,,,Michell,,,,,,,,,
A,Drake,Chain/Group Member,Gfs,,Brent,,,,,,,,,Samples left. Champion is Brian. HQ call. Gfs supplied. Brent to pursue.
A,Drake Oakbrook,Hospitality,Testa,,Dale,,45810,,,,,,,
A,Drury Lane,Entertainment/Casinos/Theatres,,,Michell,,,,,"100 Drury Lane Oakbrook Terrace, IL",,,,Emailed on Proper Stock CATMAN identification-on 8/19 identified Catman who is Lauren Vanryn. Our timing is excellent as this category is up for review in a month or so and they will likely request samples and a presentation.
,"Drury Lane Theatre, banquet hall",Entertainment/Casinos/Theatres,,,Michell,,,,,Countryside,,,,
B,DTM Distributors,Distributor,,,Brent,,,,,,Bowling Green,KY,,email Virginia to see if we can show samples
,"DTM DISTRIBUTORS, INC.",Distributor,,,Brent,,,,,,,KY,,
,DUANE S. RAHE INC.,Distributor,,,Gary,,,,,,,OH,,
C,Dublin Hall Irish ,,,,,,,,,,,,,
,Ducky's,Entertainment/Casinos/Theatres,USF,,Brent,Gary,,,,,Fort Wayne,IN,,
A,Dukes Alehouse,Gastropub,,,Michell,Dale,45810,,,,,,,They use our SWAP chicken. 
C,Dusty ,,,,,,,,,,,,,
,DUTCH VALLEY SCHLABACH,Distributor,,,Gary,,,,,,,OH,,
,"E & S SALES, LLC",Distributor,,,,,,,,,,IN,,
B,E.T.C.,Gastropub,,,Michell,,,,,,,,,
B,Earl G. Dumplins,Gastropub,,,Brent,,,,,,,,,
A,East Bank Club,Entertainment/Casinos/Theatres,,,Michell,Dale,45810,,,500 N Kingsbury St,Chicago,IL,60654,"1/31/25 Tessa is no longer the rep here, she has been promoted to a corporate role. Will try to find the new rep. "
C,East End tap ,,,,,,,,,,,,,
D,Eating To Live LLC,,,,,,,,,,,,,
C,El Ideas,,,,,,,,,,,,,
A,El Salto,Chain/Group Member,,,Dale,,,,,,,,,
D,ELEGANTE CUISINE,,,,,,,,,,,,,
C,Eleven City,,,,,,,,,,,,,
D,Elohi Strategic Advisors,,,,,,,,,,,,,
C,Elsie,,,,,,,,,,,,,
D,Empire Burger,,,,,,,,,,,,,
D,Entourage,,,,,,,,,,,,,
C,ENzo's Bar ,,,,,,,,,,,,,
D,Epic,,,,,,,,,,,,,
,ERB MEAT COMPANY,Distributor,,,,,,,,,Chicago,IL,,
,ERNST HOTEL SUPPLY CO,Distributor,,,Gary,,,,,,,MI,,
B,Esme,Fine Dining,,,Q,,,,,2200 N Clark St Suite B,Chicago,IL,,
B,Especially,Fine Dining,,,Q,,,,,,,,,
,Essential Kitchen & Essential Kitchen Cafe ,Meal Prep Service,USF,,Michell,,,,,1405 Hunt Club Rd,Gurnee,IL,,
D,"e-tailer, inc",,,,,,,,,,,,,
B,ETC,Fine Dining,,,Q,,,,,404 S Wells St,Chicago ,IL,,Opens Dec. 5th
,EUCLID FISH COMPANY,Distributor,,,Gary,,,,,,,OH,,
A+,Eurest,Management company,,,Dale,,,,,,,,,
A+,Eurest Dining,Management company,,,Dale,,,,,,,,,
,EURO USA,Distributor,,,Gary,,,,,,,OH,,
A+,European Imports,Group Purchasing Organization,,,Gary,,45789,,,,,,,
A,EuroUSA,Distributor,EuroUSA,,Dale,,45789,,,,,,,
D,Even Odds,,,,,,,,,,,,,
A,EVER,Fine Dining,,,Michell,,,,,,,,,
B,Evil Chech (brewery& Public house?),Gastropub,,,Dale,,,,,3703 N  Main St,Mishawaka,IN,,
A,Factor 75,Meal Prep Service,,,Dale,,45810,,,,Burr Ridge,IL,,"Chris is Manager at Burr Ridge location. Chris referred me to Director of Procurment, Kate Healy"
A+,Factor-meal prep hello fresh,Industrial,,,Dale,,,,888-573-5727,1853 Suncast Ln.,,IL,,Meal prep chef Pete balodimas buyer Matt Horgan. Chef Kyle VerVynck
A,Fairmont Chicago,Fine Dining,Testa,,Dale,,45810,,,200 North Columbus Dr,Chicago ,IL,60601,Testa Kristen lead for VAF; Chef Elton
C,Falco's Pizza,Pizza,,,Q,,,,630-654-4644,561 s fontage rd ,Burr Ridge,IL,60527,Gave a kaufhold's sample kit to the manager and tried one of the flavors. Need to follow up 
A+,Family Express,Chain/Group Member,,,Dale,Gary,,,,,,,,
,FAMILY PRODUCE FOOD SERVI,Distributor,,,,,,,,,,IL,,
D,Farmhouse Academy,,,,,,,,,,,,,
,Fat Angelo's of Bridgeport,Gastropub,Greco,,Dale,,,,,,,,,
D,FatKats Pizzaeria and Restaurant ,,,,,,,,,,,,,
A,Fatmans,,,,,,,,,,,,,
,Fatmans ,Casual,Greco,,Michell,,,,8472448300,36309 Skokie Hwy,Gurnee,IL,60031,
A,Fazoli's,Chain/Group Member,,,Dale,,,,,So many in Indiana,,IN,,
D,Ferrara Candy Company,Industrial,,,,,,,,,,,,
,FERRIS COFFEE AND NUT CO,Distributor,,,Gary,,,,,,,MI,,
,Fine Arts Bistro,Casual,GFS,,Brent,,,,,,Glasgow,KY,,emailed about samples interest
C,Fira,,,,,,,,,,,,,
D,Fire Bar+Grill,,,,,,,,,,,,,
B,FireKeepers Casino Hotel,Entertainment/Casinos/Theatres,,,Gary,,,,,,,,,Emailed on 8/19.Executive Chef Brandon Lester; sous chef Everett morris and buye Megan mead 
D,Fireside Grille,,,,,,,,,,,,,GFS
D,Flik Hospitality,,,,,,,,,,,,,
,FOOD & PAPER SUPPLY CO,Distributor,,,,,,,,,Chicago,IL,,
,FOOD DISTRIBUTORS INC.,Distributor,,,Gary,,,,,,,OH,,
D,Food Export - Midwest,,,,,,,,,,,,,
D,"Food Technology Magazine, Institute of Food Technologists",,,,,,,,,,,,,
D,FoodMix,,,,,,,,,,,,,
D,Foodservice Database Co,,,,,,,,,,,,,
,FOP Restaurant,Casual,Greco,,Dale,,,,,,,,,
C,Forage Public house,,,,,,,,,,,,,
C,Forbidden root ,,,,,,,,,,,,,
B,Ford Center Arena Evsnsville,Entertainment/Casinos/Theatres,,,Brent,,,,,,,,,
B,Ford Center Executive Chef,Entertainment/Casinos/Theatres,,,Brent,,,,,,,,,
,FORTUNE FISH,Distributor,,,,,,,,,Chicago,IL,,
A,Fortune Fish & Gourmet,Distributor,,,Dale,,,,,,,,,
C,Foundry kitchen and bar ,,,,,,,,,,,,,
D,Four Pegs,,,,,,,,,,,,,
A+,Four Seasons Hotel Chicago,Fine Dining,CW ,,Dale,,,,,,,,,
,FOUR STAR FOODS,Distributor,,,,,,,,,CHICAGO,IL,,
,FOX SUPPLY,Distributor,,,Gary,,,,,,,OH,,
,FOX VALLEY FARMS,Distributor,,,,,,,,,,IL,,
A,Franciscan Hospital,Healthcare,,,Gary,,,,,,,,,
C,Frank and Mary's Tavern,,,,,,,,,,,,,
B,Franklin Room,Gastropub,,,Q,,,,+1 (312) 445-4686,675 N Franklin st.,Chicago,IL,,Delivered FS samples per Flip'a request
D,Freedom Brothers Pizzeria & Alehouse,Pizza,,,,,,,,,,,,
D,Freelance,,,,,,,,,,,,,
D,FreezPak,,,,,,,,,,,,,
D,FRESH CREATIONS LLC,,,,,,,,,,,,,
A,Frisch Big Boy,Casual,,,Brent,,,,,,,,,
,Froelichs,,,,,,,,,,,,,FS-bought Cottage
C,Front Street social ,,,,,,,,,,,,,
A,Frontera,Ethnic,,,Michell,,,,,,,,,
B,Fuego Tacos,,,,,,,,,,,,,
,Fuel Nutrition,Bar/Lounge,,,Brent,,,,270-799-7784,3278 Nashville Rd ,Bowling Green,KY,42104,
,Fujiyama Steakhouse of Japan,Ethnic,,,,,,,,,,,,
,FULTON TROIKA,Distributor,,,,,,,,,CHICAGO,IL,,
D,Gabby Goat American Pub and Grill,Gastropub,,,,,,,,,,,,
D,Gaelic Park ,,,,,,,,,,,,,
A+,Gage Hospitality Group,Management company,,,Dale,,,,312-372-4001,18 S. Michigan Avenue Ste 1100,Chicago,IL,,"ACANTO, Coda di volpe, dawson, The Gage"
C,Gag's Chicken,,,,,,,,,,,,,
D,GALANT FOOD COMPANY,,,,,,,,,,,,,
D,Galena Associates Inc.,,,,,,,,,,,,,
C,Galit,Gastropub,,,,,,,,,,,,
,Garda's,Italian,Greco,,Dale,,,,,,,,,
C,Gather,Gastropub,,,,,,,,,,,,
,GELARDI PRODUCE,Distributor,,,Gary,,,,,,,MI,,
A,Gelsosomo's Pizzeria,Pizza,,,Dale,,,,,,,,,
,Gemato's Wood Pit BBQ,Casual,PFG,,Q,,,,708-361-4200,6701 w 11th st ,Worth,IL,,Met Jose (owner) and dropped off samples. Wants table tents. 11-12-24
A,GEORGIA STATE,College & Universites ,,,Dale,,,,,,,,,NACUFS SHOWCASE EAST AND SOUTH USA
A,Gerolissimo,Pizza,,,Dale,,,,,,,,,
,GET FRESH PRODUCE,Distributor,,,,,,,,,,IL,,
A,GFS,Distributor,GFS,,Gary,,,,,,,MI,,
A+,GFS-D,,,,Dale,,,,,,,,,
A,GFS-m,,GFS,,Michell,,,,,,,,,
A,GFS-q,,,,Q,,,,,,,,,
,Ghost Writer,Gastropub,GFS,,Brent,,,,,49 1/2 S Main St,Johnstown,OH,43031,Shipped Chef Bradley Baluch a Annasea sample pack
C,Gianni's Cafe,,,,,,,,,,,,,
C,Giant,,,,,,,,,,,,,
C,Giant ,,,,,,,,,,,,,
A,Gibson's Rosemont ,Chain/Group Member,,,Sue,,,,,"5464 n river road, Rosemont, IL",,,,"14 locations in four states Gibson's bar and steakhouse Hugos, frog bar and Fish House, Lux bar, Cortino restaurant and wine bar Gibson's Italia. The boathouse also manages RL restaurant the polo bar in New York on behalf of Ralph Lauren, RL restaurant, Chi socks, bar, and grill and Hugos, frog bar and chophouse in rivers Casino and sugarhouse casino. "
A+,gilt bar,Fine Dining,Testa,,Dale,,45810,,,,,,,
A,Gino's East,Chain/Group Member,,,Gary,,,,,,,,,
B,Gino's Prime - Dyer,Fine Dining,Greco,,Dale,,,,,,,,,
A,Giordano's,Pizza,,,Dale,,,,,,,,,
A,Girl in the goat ,Fine Dining,,,Michell,,,,,"809 W Randolph St, Chicago, IL ",Chicago,IL,,
A,Girl in the goat1 ,Fine Dining,,,Michell,,,,(773) 360-8755,"1340 W Fulton St, Chicago, IL 60607",Chicago,IL,,
A,Girl in the goat2 ,Fine Dining,,,Michell,,,, (312) 492-6262,"2429 N Lincoln Ave, Chicago, IL ",Chicago,IL,,
,GLASS CITY FOOD SERVICE,Distributor,,,Gary,,,,,,Toledo,OH,,
A,Gnome Town,Chain/Group Member,USF,,Brent,,,,,,Fort wayne,IN,,
D,Go Grocers,,,,,,,,,,,,,
A,goblin and grocer,Caterer,GFS,,Gary,,,,,,,IL,,GFS ROSEMONT F/U
,Godess and Grocer,,,,,,,,,,,,,
B,Gold Star,,,,Michell,,,,,,,,,
A,Golden Boy BBQ,Casual,USF,,Michell,,,,,551 S York St,Elmhurst,IL,60126,
,Golf VX,Entertainment/Casinos/Theatres,,,Gary,,,,,,,,,
D,Good To Go Food,,,,,,,,,,,,,
C,Goosefoot,,,,,,,,,,,,,
A,Gordon Food Service,Distributor,GFS,,Gary,,,,,,,,,Includes culinary and sales key contacts as well as HQ team
,GORDON FS/50TH STREET,Distributor,,,Gary,,,,,,,MI,,
,GORDON FS/50TH STREET(FRO,Distributor,,,Gary,,,,,,,MI,,
,GORDON FS/BRIGHTON,Distributor,,,Gary,,,,,,,MI,,
,GORDON FS/CLAY AVE.,Distributor,,,Gary,,,,,,,MI,,
,GORDON FS/DOCK #7,Distributor,,,Gary,,,,,,,MI,,
,GORDON FS/EPO,Distributor,,,Gary,,,,,,,MI,,
,GORDON FS/EPO REFRIG/FROZ,Distributor,,,Gary,,,,,,,MI,,
,GORDON FS/FED EX ONLY,Distributor,,,Gary,,,,,,,MI,,
,GORDON FS/GREEN OAK DC,Distributor,,,Gary,,,,,,,MI,,
,GORDON FS/SHEPHERDSVILLE,Distributor,,,Brent,,,,,,,KY,,
,,,,,,,,,,,,,,
,,,,,,,,,,,,,,
,,,,,,,,,,,,,,
,,,,,,,,,,,,,,
,,,,,,,,,,,,,,
,,,,,,,,,,,,,,
,,,,,,,,,,,,,,
,,,,,,,,,,,,,,
,,,,,,,,,,,,,,
,,,,,,,,,,,,,,
,,,,,,,,,,,,,,
,,,,,,,,,,,,,,
,,,,,,,,,,,,,,
,,,,,,,,,,,,,,
,,,,,,,,,,,,,,
,,,,,,,,,,,,,,
,,,,,,,,,,,,,,
,,,,,,,,,,,,,,
,,,,,,,,,,,,,,
,,,,,,,,,,,,,,
,,,,,,,,,,,,,,
,,,,,,,,,,,,,,
,,,,,,,,,,,,,,
,,,,,,,,,,,,,,
,,,,,,,,,,,,,,
,,,,,,,,,,,,,,
,,,,,,,,,,,,,,
,,,,,,,,,,,,,,
,,,,,,,,,,,,,,
,,,,,,,,,,,,,,
,,,,,,,,,,,,,,
,,,,,,,,,,,,,,
,,,,,,,,,,,,,,
,,,,,,,,,,,,,,
,,,,,,,,,,,,,,
,,,,,,,,,,,,,,
,,,,,,,,,,,,,,
,,,,,,,,,,,,,,
,,,,,,,,,,,,,,
,,,,,,,,,,,,,,
,,,,,,,,,,,,,,
,,,,,,,,,,,,,,
,,,,,,,,,,,,,,
,,,,,,,,,,,,,,
,,,,,,,,,,,,,,
,,,,,,,,,,,,,,
,,,,,,,,,,,,,,
,,,,,,,,,,,,,,
,,,,,,,,,,,,,,
,,,,,,,,,,,,,,
,,,,,,,,,,,,,,
,,,,,,,,,,,,,,
,,,,,,,,,,,,,,
,,,,,,,,,,,,,,
,,,,,,,,,,,,,,
,,,,,,,,,,,,,,
,,,,,,,,,,,,,,
,,,,,,,,,,,,,,
,,,,,,,,,,,,,,
,,,,,,,,,,,,,,
,,,,,,,,,,,,,,
,,,,,,,,,,,,,,
,,,,,,,,,,,,,,
,,,,,,,,,,,,,,
,,,,,,,,,,,,,,
,,,,,,,,,,,,,,
,,,,,,,,,,,,,,
,,,,,,,,,,,,,,
,,,,,,,,,,,,,,
,,,,,,,,,,,,,,
,,,,,,,,,,,,,,
,,,,,,,,,,,,,,
,,,,,,,,,,,,,,
,,,,,,,,,,,,,,
,,,,,,,,,,,,,,
,,,,,,,,,,,,,,
,,,,,,,,,,,,,,
,,,,,,,,,,,,,,
,,,,,,,,,,,,,,
,,,,,,,,,,,,,,
,,,,,,,,,,,,,,
,,,,,,,,,,,,,,
,,,,,,,,,,,,,,
,,,,,,,,,,,,,,
,,,,,,,,,,,,,,
,,,,,,,,,,,,,,
,,,,,,,,,,,,,,
,,,,,,,,,,,,,,
,,,,,,,,,,,,,,
,,,,,,,,,,,,,,
,,,,,,,,,,,,,,
,,,,,,,,,,,,,,
,,,,,,,,,,,,,,
,,,,,,,,,,,,,,
,,,,,,,,,,,,,,
,,,,,,,,,,,,,,
,,,,,,,,,,,,,,
,,,,,,,,,,,,,,
,,,,,,,,,,,,,,
,,,,,,,,,,,,,,
,,,,,,,,,,,,,,
,,,,,,,,,,,,,,
,,,,,,,,,,,,,,
,,,,,,,,,,,,,,
,,,,,,,,,,,,,,
,,,,,,,,,,,,,,
,,,,,,,,,,,,,,
,,,,,,,,,,,,,,
,,,,,,,,,,,,,,
,,,,,,,,,,,,,,
,,,,,,,,,,,,,,
,,,,,,,,,,,,,,
,,,,,,,,,,,,,,
,,,,,,,,,,,,,,
,,,,,,,,,,,,,,
,,,,,,,,,,,,,,
,,,,,,,,,,,,,,
,,,,,,,,,,,,,,
,,,,,,,,,,,,,,
,,,,,,,,,,,,,,
,,,,,,,,,,,,,,
,,,,,,,,,,,,,,
,,,,,,,,,,,,,,
,,,,,,,,,,,,,,
,,,,,,,,,,,,,,
,,,,,,,,,,,,,,
,,,,,,,,,,,,,,
,,,,,,,,,,,,,,
,,,,,,,,,,,,,,
,,,,,,,,,,,,,,
,,,,,,,,,,,,,,
,,,,,,,,,,,,,,
,,,,,,,,,,,,,,
,,,,,,,,,,,,,,
,,,,,,,,,,,,,,
,,,,,,,,,,,,,,
,,,,,,,,,,,,,,
,,,,,,,,,,,,,,
,,,,,,,,,,,,,,
,,,,,,,,,,,,,,
,,,,,,,,,,,,,,
,,,,,,,,,,,,,,
,,,,,,,,,,,,,,
,,,,,,,,,,,,,,
,,,,,,,,,,,,,,
,,,,,,,,,,,,,,
,,,,,,,,,,,,,,
,,,,,,,,,,,,,,
,,,,,,,,,,,,,,
,,,,,,,,,,,,,,
,,,,,,,,,,,,,,
,,,,,,,,,,,,,,
,,,,,,,,,,,,,,
,,,,,,,,,,,,,,
,,,,,,,,,,,,,,
,,,,,,,,,,,,,,
,,,,,,,,,,,,,,
,,,,,,,,,,,,,,
,,,,,,,,,,,,,,
,,,,,,,,,,,,,,
,,,,,,,,,,,,,,
,,,,,,,,,,,,,,
,,,,,,,,,,,,,,
,,,,,,,,,,,,,,
,,,,,,,,,,,,,,
,,,,,,,,,,,,,,
,,,,,,,,,,,,,,
,,,,,,,,,,,,,,
,,,,,,,,,,,,,,
,,,,,,,,,,,,,,
,,,,,,,,,,,,,,
,,,,,,,,,,,,,,
,,,,,,,,,,,,,,
,,,,,,,,,,,,,,
,,,,,,,,,,,,,,
,,,,,,,,,,,,,,
,,,,,,,,,,,,,,
,,,,,,,,,,,,,,
,,,,,,,,,,,,,,
,,,,,,,,,,,,,,
,,,,,,,,,,,,,,
,,,,,,,,,,,,,,
,,,,,,,,,,,,,,
,,,,,,,,,,,,,,
,,,,,,,,,,,,,,
,,,,,,,,,,,,,,
,,,,,,,,,,,,,,
,,,,,,,,,,,,,,
,,,,,,,,,,,,,,
,,,,,,,,,,,,,,
,,,,,,,,,,,,,,
,,,,,,,,,,,,,,
,,,,,,,,,,,,,,
,,,,,,,,,,,,,,
,,,,,,,,,,,,,,
,,,,,,,,,,,,,,
,,,,,,,,,,,,,,
,,,,,,,,,,,,,,
,,,,,,,,,,,,,,
,,,,,,,,,,,,,,
,,,,,,,,,,,,,,
,,,,,,,,,,,,,,
,,,,,,,,,,,,,,
,,,,,,,,,,,,,,
,,,,,,,,,,,,,,
,,,,,,,,,,,,,,
,,,,,,,,,,,,,,
,,,,,,,,,,,,,,
,,,,,,,,,,,,,,
,,,,,,,,,,,,,,
,,,,,,,,,,,,,,
,,,,,,,,,,,,,,
,,,,,,,,,,,,,,
,,,,,,,,,,,,,,
,,,,,,,,,,,,,,
,,,,,,,,,,,,,,
,,,,,,,,,,,,,,
,,,,,,,,,,,,,,
,,,,,,,,,,,,,,
,,,,,,,,,,,,,,
,,,,,,,,,,,,,,
,,,,,,,,,,,,,,
,,,,,,,,,,,,,,
,,,,,,,,,,,,,,
,,,,,,,,,,,,,,
,,,,,,,,,,,,,,
,,,,,,,,,,,,,,
,,,,,,,,,,,,,,
,,,,,,,,,,,,,,
,,,,,,,,,,,,,,
,,,,,,,,,,,,,,
,,,,,,,,,,,,,,
,,,,,,,,,,,,,,
,,,,,,,,,,,,,,
,,,,,,,,,,,,,,
,,,,,,,,,,,,,,
,,,,,,,,,,,,,,
,,,,,,,,,,,,,,
,,,,,,,,,,,,,,
,,,,,,,,,,,,,,
,,,,,,,,,,,,,,
,,,,,,,,,,,,,,
,,,,,,,,,,,,,,
,,,,,,,,,,,,,,
,,,,,,,,,,,,,,
,,,,,,,,,,,,,,
,,,,,,,,,,,,,,
,,,,,,,,,,,,,,
,,,,,,,,,,,,,,
,,,,,,,,,,,,,,
,,,,,,,,,,,,,,
,,,,,,,,,,,,,,
,,,,,,,,,,,,,,
,,,,,,,,,,,,,,
,,,,,,,,,,,,,,
,,,,,,,,,,,,,,
,,,,,,,,,,,,,,
,,,,,,,,,,,,,,
,,,,,,,,,,,,,,
,,,,,,,,,,,,,,
,,,,,,,,,,,,,,
,,,,,,,,,,,,,,
,,,,,,,,,,,,,,
,,,,,,,,,,,,,,
,,,,,,,,,,,,,,
,,,,,,,,,,,,,,
,,,,,,,,,,,,,,
,,,,,,,,,,,,,,
,,,,,,,,,,,,,,
,,,,,,,,,,,,,,
,,,,,,,,,,,,,,
,,,,,,,,,,,,,,
,,,,,,,,,,,,,,
,,,,,,,,,,,,,,
,,,,,,,,,,,,,,
,,,,,,,,,,,,,,
,,,,,,,,,,,,,,
,,,,,,,,,,,,,,
,,,,,,,,,,,,,,
,,,,,,,,,,,,,,
,,,,,,,,,,,,,,
,,,,,,,,,,,,,,
,,,,,,,,,,,,,,
,,,,,,,,,,,,,,
,,,,,,,,,,,,,,
,,,,,,,,,,,,,,
,,,,,,,,,,,,,,
,,,,,,,,,,,,,,
,,,,,,,,,,,,,,
,,,,,,,,,,,,,,
,,,,,,,,,,,,,,
,,,,,,,,,,,,,,
,,,,,,,,,,,,,,
,,,,,,,,,,,,,,
,,,,,,,,,,,,,,
,,,,,,,,,,,,,,
,,,,,,,,,,,,,,
,,,,,,,,,,,,,,
,,,,,,,,,,,,,,
,,,,,,,,,,,,,,
,,,,,,,,,,,,,,
,,,,,,,,,,,,,,
,,,,,,,,,,,,,,
,,,,,,,,,,,,,,
,,,,,,,,,,,,,,
,,,,,,,,,,,,,,
,,,,,,,,,,,,,,
,,,,,,,,,,,,,,
,,,,,,,,,,,,,,
,,,,,,,,,,,,,,
,,,,,,,,,,,,,,
,,,,,,,,,,,,,,
,,,,,,,,,,,,,,
,,,,,,,,,,,,,,
,,,,,,,,,,,,,,
,,,,,,,,,,,,,,
,,,,,,,,,,,,,,
,,,,,,,,,,,,,,
,,,,,,,,,,,,,,
,,,,,,,,,,,,,,
,,,,,,,,,,,,,,
,,,,,,,,,,,,,,
,,,,,,,,,,,,,,
,,,,,,,,,,,,,,
,,,,,,,,,,,,,,
,,,,,,,,,,,,,,
,,,,,,,,,,,,,,
,,,,,,,,,,,,,,
,,,,,,,,,,,,,,
,,,,,,,,,,,,,,
,,,,,,,,,,,,,,
,,,,,,,,,,,,,,
,,,,,,,,,,,,,,
,,,,,,,,,,,,,,
,,,,,,,,,,,,,,
,,,,,,,,,,,,,,
,,,,,,,,,,,,,,
,,,,,,,,,,,,,,
,,,,,,,,,,,,,,
,,,,,,,,,,,,,,
,,,,,,,,,,,,,,
,,,,,,,,,,,,,,
,,,,,,,,,,,,,,
,,,,,,,,,,,,,,
,,,,,,,,,,,,,,
,,,,,,,,,,,,,,
,,,,,,,,,,,,,,
,,,,,,,,,,,,,,
,,,,,,,,,,,,,,
,,,,,,,,,,,,,,
,,,,,,,,,,,,,,
,,,,,,,,,,,,,,
,,,,,,,,,,,,,,
,,,,,,,,,,,,,,
,,,,,,,,,,,,,,
,,,,,,,,,,,,,,
,,,,,,,,,,,,,,
,,,,,,,,,,,,,,
,,,,,,,,,,,,,,
,,,,,,,,,,,,,,
,,,,,,,,,,,,,,
,,,,,,,,,,,,,,
,,,,,,,,,,,,,,
,,,,,,,,,,,,,,
,,,,,,,,,,,,,,
,,,,,,,,,,,,,,
,,,,,,,,,,,,,,
,,,,,,,,,,,,,,
,,,,,,,,,,,,,,
,,,,,,,,,,,,,,
,,,,,,,,,,,,,,
,,,,,,,,,,,,,,
,,,,,,,,,,,,,,
,,,,,,,,,,,,,,
,,,,,,,,,,,,,,
,,,,,,,,,,,,,,
,,,,,,,,,,,,,,
,,,,,,,,,,,,,,
,,,,,,,,,,,,,,
,,,,,,,,,,,,,,
,,,,,,,,,,,,,,
,,,,,,,,,,,,,,
,,,,,,,,,,,,,,
,,,,,,,,,,,,,,
,,,,,,,,,,,,,,
,,,,,,,,,,,,,,
,,,,,,,,,,,,,,
,,,,,,,,,,,,,,
,,,,,,,,,,,,,,
,,,,,,,,,,,,,,
,,,,,,,,,,,,,,
,,,,,,,,,,,,,,
,,,,,,,,,,,,,,
,,,,,,,,,,,,,,
,,,,,,,,,,,,,,
,,,,,,,,,,,,,,
,,,,,,,,,,,,,,
,,,,,,,,,,,,,,
,,,,,,,,,,,,,,
,,,,,,,,,,,,,,
,,,,,,,,,,,,,,
,,,,,,,,,,,,,,
,,,,,,,,,,,,,,
,,,,,,,,,,,,,,
,,,,,,,,,,,,,,
,,,,,,,,,,,,,,
,,,,,,,,,,,,,,
,,,,,,,,,,,,,,
,,,,,,,,,,,,,,
,,,,,,,,,,,,,,
,,,,,,,,,,,,,,
,,,,,,,,,,,,,,
,,,,,,,,,,,,,,
,,,,,,,,,,,,,,
,,,,,,,,,,,,,,
,,,,,,,,,,,,,,
,,,,,,,,,,,,,,
,,,,,,,,,,,,,,
,,,,,,,,,,,,,,
,,,,,,,,,,,,,,
,,,,,,,,,,,,,,
,,,,,,,,,,,,,,
,,,,,,,,,,,,,,
,,,,,,,,,,,,,,
,,,,,,,,,,,,,,
,,,,,,,,,,,,,,
,,,,,,,,,,,,,,
,,,,,,,,,,,,,,
,,,,,,,,,,,,,,
,,,,,,,,,,,,,,
,,,,,,,,,,,,,,
,,,,,,,,,,,,,,
,,,,,,,,,,,,,,
,,,,,,,,,,,,,,
,,,,,,,,,,,,,,
,,,,,,,,,,,,,,
,,,,,,,,,,,,,,
,,,,,,,,,,,,,,
,,,,,,,,,,,,,,
,,,,,,,,,,,,,,
,,,,,,,,,,,,,,
,,,,,,,,,,,,,,
,,,,,,,,,,,,,,
,,,,,,,,,,,,,,
,,,,,,,,,,,,,,
,,,,,,,,,,,,,,
,,,,,,,,,,,,,,
,,,,,,,,,,,,,,
,,,,,,,,,,,,,,
,,,,,,,,,,,,,,
,,,,,,,,,,,,,,
,,,,,,,,,,,,,,
,,,,,,,,,,,,,,
,,,,,,,,,,,,,,
,,,,,,,,,,,,,,
,,,,,,,,,,,,,,
,,,,,,,,,,,,,,
,,,,,,,,,,,,,,
,,,,,,,,,,,,,,
,,,,,,,,,,,,,,
,,,,,,,,,,,,,,
,,,,,,,,,,,,,,
,,,,,,,,,,,,,,
,,,,,,,,,,,,,,
,,,,,,,,,,,,,,
,,,,,,,,,,,,,,
,,,,,,,,,,,,,,
,,,,,,,,,,,,,,
,,,,,,,,,,,,,,
,,,,,,,,,,,,,,
,,,,,,,,,,,,,,
,,,,,,,,,,,,,,
,,,,,,,,,,,,,,
,,,,,,,,,,,,,,
,,,,,,,,,,,,,,
,,,,,,,,,,,,,,
,,,,,,,,,,,,,,
,,,,,,,,,,,,,,
,,,,,,,,,,,,,,
,,,,,,,,,,,,,,
,,,,,,,,,,,,,,
,,,,,,,,,,,,,,
,,,,,,,,,,,,,,
,,,,,,,,,,,,,,
,,,,,,,,,,,,,,
,,,,,,,,,,,,,,
,,,,,,,,,,,,,,
,,,,,,,,,,,,,,
,,,,,,,,,,,,,,
,,,,,,,,,,,,,,
,,,,,,,,,,,,,,
,,,,,,,,,,,,,,
,,,,,,,,,,,,,,
,,,,,,,,,,,,,,
,,,,,,,,,,,,,,
,,,,,,,,,,,,,,
,,,,,,,,,,,,,,
,,,,,,,,,,,,,,
,,,,,,,,,,,,,,
,,,,,,,,,,,,,,
,,,,,,,,,,,,,,
,,,,,,,,,,,,,,
,,,,,,,,,,,,,,
,,,,,,,,,,,,,,
,,,,,,,,,,,,,,
,,,,,,,,,,,,,,
,,,,,,,,,,,,,,
,,,,,,,,,,,,,,
,,,,,,,,,,,,,,
,,,,,,,,,,,,,,
,,,,,,,,,,,,,,
,,,,,,,,,,,,,,
,,,,,,,,,,,,,,
,,,,,,,,,,,,,,
,,,,,,,,,,,,,,
,,,,,,,,,,,,,,
,,,,,,,,,,,,,,
,,,,,,,,,,,,,,
,,,,,,,,,,,,,,
,,,,,,,,,,,,,,
,,,,,,,,,,,,,,
,,,,,,,,,,,,,,
,,,,,,,,,,,,,,
,,,,,,,,,,,,,,
,,,,,,,,,,,,,,
,,,,,,,,,,,,,,
,,,,,,,,,,,,,,
,,,,,,,,,,,,,,
,,,,,,,,,,,,,,
,,,,,,,,,,,,,,
,,,,,,,,,,,,,,
,,,,,,,,,,,,,,
,,,,,,,,,,,,,,
,,,,,,,,,,,,,,
,,,,,,,,,,,,,,
,,,,,,,,,,,,,,
,,,,,,,,,,,,,,
,,,,,,,,,,,,,,
,,,,,,,,,,,,,,
,,,,,,,,,,,,,,
,,,,,,,,,,,,,,
,,,,,,,,,,,,,,
,,,,,,,,,,,,,,
,,,,,,,,,,,,,,
,,,,,,,,,,,,,,
,,,,,,,,,,,,,,
,,,,,,,,,,,,,,
,,,,,,,,,,,,,,
,,,,,,,,,,,,,,
,,,,,,,,,,,,,,
,,,,,,,,,,,,,,
,,,,,,,,,,,,,,
,,,,,,,,,,,,,,
,,,,,,,,,,,,,,
,,,,,,,,,,,,,,
,,,,,,,,,,,,,,
,,,,,,,,,,,,,,
,,,,,,,,,,,,,,
,,,,,,,,,,,,,,
,,,,,,,,,,,,,,
,,,,,,,,,,,,,,
,,,,,,,,,,,,,,
,,,,,,,,,,,,,,
,,,,,,,,,,,,,,
,,,,,,,,,,,,,,
,,,,,,,,,,,,,,
,,,,,,,,,,,,,,
,,,,,,,,,,,,,,
,,,,,,,,,,,,,,
,,,,,,,,,,,,,,
,,,,,,,,,,,,,,
,,,,,,,,,,,,,,
,,,,,,,,,,,,,,
,,,,,,,,,,,,,,
,,,,,,,,,,,,,,
,,,,,,,,,,,,,,
,,,,,,,,,,,,,,
,,,,,,,,,,,,,,
,,,,,,,,,,,,,,
,,,,,,,,,,,,,,
,,,,,,,,,,,,,,
,,,,,,,,,,,,,,
,,,,,,,,,,,,,,
,,,,,,,,,,,,,,
,,,,,,,,,,,,,,
,,,,,,,,,,,,,,
,,,,,,,,,,,,,,
,,,,,,,,,,,,,,
,,,,,,,,,,,,,,
,,,,,,,,,,,,,,
,,,,,,,,,,,,,,
,,,,,,,,,,,,,,
,,,,,,,,,,,,,,
,,,,,,,,,,,,,,
,,,,,,,,,,,,,,
,,,,,,,,,,,,,,
,,,,,,,,,,,,,,
,,,,,,,,,,,,,,
,,,,,,,,,,,,,,
,,,,,,,,,,,,,,
,,,,,,,,,,,,,,
,,,,,,,,,,,,,,
,,,,,,,,,,,,,,
,,,,,,,,,,,,,,
,,,,,,,,,,,,,,
,,,,,,,,,,,,,,
,,,,,,,,,,,,,,
,,,,,,,,,,,,,,
,,,,,,,,,,,,,,
,,,,,,,,,,,,,,
,,,,,,,,,,,,,,
,,,,,,,,,,,,,,
,,,,,,,,,,,,,,
,,,,,,,,,,,,,,
,,,,,,,,,,,,,,
,,,,,,,,,,,,,,
,,,,,,,,,,,,,,
,,,,,,,,,,,,,,
,,,,,,,,,,,,,,
,,,,,,,,,,,,,,
,,,,,,,,,,,,,,
,,,,,,,,,,,,,,
,,,,,,,,,,,,,,
,,,,,,,,,,,,,,
,,,,,,,,,,,,,,
,,,,,,,,,,,,,,
,,,,,,,,,,,,,,
,,,,,,,,,,,,,,
,,,,,,,,,,,,,,
,,,,,,,,,,,,,,
,,,,,,,,,,,,,,
,,,,,,,,,,,,,,
,,,,,,,,,,,,,,
,,,,,,,,,,,,,,
,,,,,,,,,,,,,,
,,,,,,,,,,,,,,
,,,,,,,,,,,,,,
,,,,,,,,,,,,,,
,,,,,,,,,,,,,,
,,,,,,,,,,,,,,
,,,,,,,,,,,,,,
,,,,,,,,,,,,,,
,,,,,,,,,,,,,,
,,,,,,,,,,,,,,
,,,,,,,,,,,,,,
,,,,,,,,,,,,,,
,,,,,,,,,,,,,,
,,,,,,,,,,,,,,
,,,,,,,,,,,,,,
,,,,,,,,,,,,,,
,,,,,,,,,,,,,,
,,,,,,,,,,,,,,
,,,,,,,,,,,,,,
,,,,,,,,,,,,,,
,,,,,,,,,,,,,,
,,,,,,,,,,,,,,
,,,,,,,,,,,,,,
,,,,,,,,,,,,,,
,,,,,,,,,,,,,,
,,,,,,,,,,,,,,
,,,,,,,,,,,,,,
,,,,,,,,,,,,,,
,,,,,,,,,,,,,,
,,,,,,,,,,,,,,
,,,,,,,,,,,,,,
,,,,,,,,,,,,,,
,,,,,,,,,,,,,,
,,,,,,,,,,,,,,
,,,,,,,,,,,,,,
,,,,,,,,,,,,,,
,,,,,,,,,,,,,,
,,,,,,,,,,,,,,
,,,,,,,,,,,,,,
,,,,,,,,,,,,,,
,,,,,,,,,,,,,,
,,,,,,,,,,,,,,
,,,,,,,,,,,,,,
,,,,,,,,,,,,,,
,,,,,,,,,,,,,,
,,,,,,,,,,,,,,
,,,,,,,,,,,,,,
,,,,,,,,,,,,,,
,,,,,,,,,,,,,,
,,,,,,,,,,,,,,
,,,,,,,,,,,,,,
,,,,,,,,,,,,,,
,,,,,,,,,,,,,,
,,,,,,,,,,,,,,
,,,,,,,,,,,,,,
,,,,,,,,,,,,,,
,,,,,,,,,,,,,,
,,,,,,,,,,,,,,
,,,,,,,,,,,,,,
,,,,,,,,,,,,,,
,,,,,,,,,,,,,,
,,,,,,,,,,,,,,
,,,,,,,,,,,,,,
,,,,,,,,,,,,,,
,,,,,,,,,,,,,,
,,,,,,,,,,,,,,
,,,,,,,,,,,,,,
,,,,,,,,,,,,,,
,,,,,,,,,,,,,,
,,,,,,,,,,,,,,
,,,,,,,,,,,,,,
,,,,,,,,,,,,,,
,,,,,,,,,,,,,,
,,,,,,,,,,,,,,
,,,,,,,,,,,,,,
,,,,,,,,,,,,,,
,,,,,,,,,,,,,,
,,,,,,,,,,,,,,
,,,,,,,,,,,,,,
,,,,,,,,,,,,,,
,,,,,,,,,,,,,,
,,,,,,,,,,,,,,
,,,,,,,,,,,,,,
,,,,,,,,,,,,,,
,,,,,,,,,,,,,,
,,,,,,,,,,,,,,
,,,,,,,,,,,,,,
,,,,,,,,,,,,,,
,,,,,,,,,,,,,,
,,,,,,,,,,,,,,
,,,,,,,,,,,,,,
,,,,,,,,,,,,,,
,,,,,,,,,,,,,,
,,,,,,,,,,,,,,
,,,,,,,,,,,,,,
,,,,,,,,,,,,,,
,,,,,,,,,,,,,,
,,,,,,,,,,,,,,
,,,,,,,,,,,,,,
,,,,,,,,,,,,,,
,,,,,,,,,,,,,,
,,,,,,,,,,,,,,
,,,,,,,,,,,,,,
,,,,,,,,,,,,,,
,,,,,,,,,,,,,,
,,,,,,,,,,,,,,
,,,,,,,,,,,,,,
,,,,,,,,,,,,,,
,,,,,,,,,,,,,,
,,,,,,,,,,,,,,
,,,,,,,,,,,,,,
,,,,,,,,,,,,,,
,,,,,,,,,,,,,,
,,,,,,,,,,,,,,
,,,,,,,,,,,,,,
,,,,,,,,,,,,,,
,,,,,,,,,,,,,,
,,,,,,,,,,,,,,
,,,,,,,,,,,,,,
,,,,,,,,,,,,,,
,,,,,,,,,,,,,,
,,,,,,,,,,,,,,
,,,,,,,,,,,,,,
,,,,,,,,,,,,,,
,,,,,,,,,,,,,,
,,,,,,,,,,,,,,
,,,,,,,,,,,,,,
,,,,,,,,,,,,,,
,,,,,,,,,,,,,,
,,,,,,,,,,,,,,
,,,,,,,,,,,,,,
,,,,,,,,,,,,,,
,,,,,,,,,,,,,,
,,,,,,,,,,,,,,
,,,,,,,,,,,,,,
,,,,,,,,,,,,,,
,,,,,,,,,,,,,,
,,,,,,,,,,,,,,
,,,,,,,,,,,,,,
,,,,,,,,,,,,,,
,,,,,,,,,,,,,,
,,,,,,,,,,,,,,
,,,,,,,,,,,,,,
,,,,,,,,,,,,,,
,,,,,,,,,,,,,,
,,,,,,,,,,,,,,
,,,,,,,,,,,,,,
,,,,,,,,,,,,,,
,,,,,,,,,,,,,,
,,,,,,,,,,,,,,
,,,,,,,,,,,,,,
,,,,,,,,,,,,,,
,,,,,,,,,,,,,,
,,,,,,,,,,,,,,
,,,,,,,,,,,,,,
,,,,,,,,,,,,,,
,,,,,,,,,,,,,,
,,,,,,,,,,,,,,
,,,,,,,,,,,,,,
,,,,,,,,,,,,,,
,,,,,,,,,,,,,,
,,,,,,,,,,,,,,
,,,,,,,,,,,,,,
,,,,,,,,,,,,,,
,,,,,,,,,,,,,,
,,,,,,,,,,,,,,
,,,,,,,,,,,,,,
,,,,,,,,,,,,,,
,,,,,,,,,,,,,,
,,,,,,,,,,,,,,
,,,,,,,,,,,,,,
,,,,,,,,,,,,,,
,,,,,,,,,,,,,,
,,,,,,,,,,,,,,
,,,,,,,,,,,,,,
,,,,,,,,,,,,,,
,,,,,,,,,,,,,,
,,,,,,,,,,,,,,
,,,,,,,,,,,,,,
,,,,,,,,,,,,,,
,,,,,,,,,,,,,,
,,,,,,,,,,,,,,
,,,,,,,,,,,,,,
,,,,,,,,,,,,,,
,,,,,,,,,,,,,,
,,,,,,,,,,,,,,
,,,,,,,,,,,,,,
,,,,,,,,,,,,,,
,,,,,,,,,,,,,,
,,,,,,,,,,,,,,
,,,,,,,,,,,,,,
,,,,,,,,,,,,,,
,,,,,,,,,,,,,,
,,,,,,,,,,,,,,
,,,,,,,,,,,,,,
,,,,,,,,,,,,,,
,,,,,,,,,,,,,,
,,,,,,,,,,,,,,
,,,,,,,,,,,,,,
,,,,,,,,,,,,,,
,,,,,,,,,,,,,,
,,,,,,,,,,,,,,
,,,,,,,,,,,,,,
,,,,,,,,,,,,,,
,,,,,,,,,,,,,,
,,,,,,,,,,,,,,
,,,,,,,,,,,,,,
,,,,,,,,,,,,,,
,,,,,,,,,,,,,,
,,,,,,,,,,,,,,
,,,,,,,,,,,,,,
,,,,,,,,,,,,,,
,,,,,,,,,,,,,,
,,,,,,,,,,,,,,
,,,,,,,,,,,,,,
,,,,,,,,,,,,,,
,,,,,,,,,,,,,,
,,,,,,,,,,,,,,
,,,,,,,,,,,,,,
,,,,,,,,,,,,,,
,,,,,,,,,,,,,,
,,,,,,,,,,,,,,
,,,,,,,,,,,,,,
,,,,,,,,,,,,,,
,,,,,,,,,,,,,,
,,,,,,,,,,,,,,
,,,,,,,,,,,,,,
,,,,,,,,,,,,,,
,,,,,,,,,,,,,,
,,,,,,,,,,,,,,
,,,,,,,,,,,,,,
,,,,,,,,,,,,,,
,,,,,,,,,,,,,,
,,,,,,,,,,,,,,
,,,,,,,,,,,,,,
,,,,,,,,,,,,,,
,,,,,,,,,,,,,,
,,,,,,,,,,,,,,
,,,,,,,,,,,,,,
,,,,,,,,,,,,,,
,,,,,,,,,,,,,,
,,,,,,,,,,,,,,
,,,,,,,,,,,,,,
,,,,,,,,,,,,,,
,,,,,,,,,,,,,,
,,,,,,,,,,,,,,
,,,,,,,,,,,,,,
,,,,,,,,,,,,,,
,,,,,,,,,,,,,,
,,,,,,,,,,,,,,
,,,,,,,,,,,,,,
,,,,,,,,,,,,,,
,,,,,,,,,,,,,,
,,,,,,,,,,,,,,
,,,,,,,,,,,,,,
,,,,,,,,,,,,,,
,,,,,,,,,,,,,,
,,,,,,,,,,,,,,
,,,,,,,,,,,,,,
,,,,,,,,,,,,,,
,,,,,,,,,,,,,,
,,,,,,,,,,,,,,
,,,,,,,,,,,,,,
,,,,,,,,,,,,,,
,,,,,,,,,,,,,,
,,,,,,,,,,,,,,
,,,,,,,,,,,,,,
,,,,,,,,,,,,,,
,,,,,,,,,,,,,,
,,,,,,,,,,,,,,
,,,,,,,,,,,,,,
,,,,,,,,,,,,,,
,,,,,,,,,,,,,,
,,,,,,,,,,,,,,
,,,,,,,,,,,,,,
,,,,,,,,,,,,,,
,,,,,,,,,,,,,,
,,,,,,,,,,,,,,
,,,,,,,,,,,,,,
,,,,,,,,,,,,,,
,,,,,,,,,,,,,,
,,,,,,,,,,,,,,
,,,,,,,,,,,,,,
,,,,,,,,,,,,,,
,,,,,,,,,,,,,,
,,,,,,,,,,,,,,
,,,,,,,,,,,,,,
,,,,,,,,,,,,,,
,,,,,,,,,,,,,,
,,,,,,,,,,,,,,
,,,,,,,,,,,,,,
,,,,,,,,,,,,,,
,,,,,,,,,,,,,,
,,,,,,,,,,,,,,
,,,,,,,,,,,,,,
,,,,,,,,,,,,,,
,,,,,,,,,,,,,,
,,,,,,,,,,,,,,
,,,,,,,,,,,,,,
,,,,,,,,,,,,,,
,,,,,,,,,,,,,,
,,,,,,,,,,,,,,
,,,,,,,,,,,,,,
,,,,,,,,,,,,,,
,,,,,,,,,,,,,,
,,,,,,,,,,,,,,
,,,,,,,,,,,,,,
,,,,,,,,,,,,,,
,,,,,,,,,,,,,,
,,,,,,,,,,,,,,
,,,,,,,,,,,,,,
,,,,,,,,,,,,,,
,,,,,,,,,,,,,,
,,,,,,,,,,,,,,
,,,,,,,,,,,,,,
,,,,,,,,,,,,,,
,,,,,,,,,,,,,,
,,,,,,,,,,,,,,
,,,,,,,,,,,,,,
,,,,,,,,,,,,,,
,,,,,,,,,,,,,,
,,,,,,,,,,,,,,
,,,,,,,,,,,,,,
,,,,,,,,,,,,,,
,,,,,,,,,,,,,,
,,,,,,,,,,,,,,
,,,,,,,,,,,,,,
,,,,,,,,,,,,,,
,,,,,,,,,,,,,,
,,,,,,,,,,,,,,
,,,,,,,,,,,,,,
,,,,,,,,,,,,,,
,,,,,,,,,,,,,,
,,,,,,,,,,,,,,
,,,,,,,,,,,,,,
,,,,,,,,,,,,,,
,,,,,,,,,,,,,,
,,,,,,,,,,,,,,
,,,,,,,,,,,,,,
,,,,,,,,,,,,,,
,,,,,,,,,,,,,,
,,,,,,,,,,,,,,
,,,,,,,,,,,,,,
,,,,,,,,,,,,,,
,,,,,,,,,,,,,,
,,,,,,,,,,,,,,
,,,,,,,,,,,,,,
,,,,,,,,,,,,,,
,,,,,,,,,,,,,,
,,,,,,,,,,,,,,
,,,,,,,,,,,,,,
,,,,,,,,,,,,,,
,,,,,,,,,,,,,,
,,,,,,,,,,,,,,
,,,,,,,,,,,,,,
,,,,,,,,,,,,,,
,,,,,,,,,,,,,,
,,,,,,,,,,,,,,
,,,,,,,,,,,,,,
,,,,,,,,,,,,,,
,,,,,,,,,,,,,,
,,,,,,,,,,,,,,
,,,,,,,,,,,,,,
,,,,,,,,,,,,,,
,,,,,,,,,,,,,,
,,,,,,,,,,,,,,
,,,,,,,,,,,,,,
,,,,,,,,,,,,,,
,,,,,,,,,,,,,,
,,,,,,,,,,,,,,
,,,,,,,,,,,,,,
,,,,,,,,,,,,,,
,,,,,,,,,,,,,,
,,,,,,,,,,,,,,
,,,,,,,,,,,,,,
,,,,,,,,,,,,,,
,,,,,,,,,,,,,,
,,,,,,,,,,,,,,
,,,,,,,,,,,,,,
,,,,,,,,,,,,,,
,,,,,,,,,,,,,,
,,,,,,,,,,,,,,
,,,,,,,,,,,,,,
,,,,,,,,,,,,,,
,,,,,,,,,,,,,,
,,,,,,,,,,,,,,
,,,,,,,,,,,,,,
,,,,,,,,,,,,,,
,,,,,,,,,,,,,,
,,,,,,,,,,,,,,
,,,,,,,,,,,,,,
,,,,,,,,,,,,,,
,,,,,,,,,,,,,,
,,,,,,,,,,,,,,
,,,,,,,,,,,,,,
,,,,,,,,,,,,,,
,,,,,,,,,,,,,,
,,,,,,,,,,,,,,
,,,,,,,,,,,,,,
,,,,,,,,,,,,,,
,,,,,,,,,,,,,,
,,,,,,,,,,,,,,
,,,,,,,,,,,,,,
,,,,,,,,,,,,,,
,,,,,,,,,,,,,,
,,,,,,,,,,,,,,
,,,,,,,,,,,,,,
,,,,,,,,,,,,,,
,,,,,,,,,,,,,,
,,,,,,,,,,,,,,
,,,,,,,,,,,,,,
,,,,,,,,,,,,,,
,,,,,,,,,,,,,,
,,,,,,,,,,,,,,
,,,,,,,,,,,,,,
,,,,,,,,,,,,,,
,,,,,,,,,,,,,,
,,,,,,,,,,,,,,
,,,,,,,,,,,,,,
,,,,,,,,,,,,,,
,,,,,,,,,,,,,,
,,,,,,,,,,,,,,
,,,,,,,,,,,,,,
,,,,,,,,,,,,,,
,,,,,,,,,,,,,,
,,,,,,,,,,,,,,
,,,,,,,,,,,,,,
,,,,,,,,,,,,,,
,,,,,,,,,,,,,,
,,,,,,,,,,,,,,
,,,,,,,,,,,,,,
,,,,,,,,,,,,,,
,,,,,,,,,,,,,,
,,,,,,,,,,,,,,
,,,,,,,,,,,,,,
,,,,,,,,,,,,,,
,,,,,,,,,,,,,,
,,,,,,,,,,,,,,
,,,,,,,,,,,,,,
,,,,,,,,,,,,,,
,,,,,,,,,,,,,,
,,,,,,,,,,,,,,
,,,,,,,,,,,,,,
,,,,,,,,,,,,,,
,,,,,,,,,,,,,,
,,,,,,,,,,,,,,
,,,,,,,,,,,,,,
,,,,,,,,,,,,,,
,,,,,,,,,,,,,,
,,,,,,,,,,,,,,
,,,,,,,,,,,,,,
,,,,,,,,,,,,,,
,,,,,,,,,,,,,,
,,,,,,,,,,,,,,
,,,,,,,,,,,,,,
,,,,,,,,,,,,,,
,,,,,,,,,,,,,,
,,,,,,,,,,,,,,
,,,,,,,,,,,,,,
,,,,,,,,,,,,,,
,,,,,,,,,,,,,,
,,,,,,,,,,,,,,
,,,,,,,,,,,,,,
,,,,,,,,,,,,,,
,,,,,,,,,,,,,,
,,,,,,,,,,,,,,
,,,,,,,,,,,,,,
,,,,,,,,,,,,,,
,,,,,,,,,,,,,,
,,,,,,,,,,,,,,
,,,,,,,,,,,,,,
,,,,,,,,,,,,,,
,,,,,,,,,,,,,,
,,,,,,,,,,,,,,
,,,,,,,,,,,,,,
,,,,,,,,,,,,,,
,,,,,,,,,,,,,,
,,,,,,,,,,,,,,
,,,,,,,,,,,,,,
,,,,,,,,,,,,,,
,,,,,,,,,,,,,,
,,,,,,,,,,,,,,
,,,,,,,,,,,,,,
,,,,,,,,,,,,,,
,,,,,,,,,,,,,,
,,,,,,,,,,,,,,
,,,,,,,,,,,,,,
,,,,,,,,,,,,,,
,,,,,,,,,,,,,,
,,,,,,,,,,,,,,
,,,,,,,,,,,,,,
,,,,,,,,,,,,,,
,,,,,,,,,,,,,,
,,,,,,,,,,,,,,
,,,,,,,,,,,,,,
,,,,,,,,,,,,,,
,,,,,,,,,,,,,,
,,,,,,,,,,,,,,
,,,,,,,,,,,,,,
,,,,,,,,,,,,,,
,,,,,,,,,,,,,,
,,,,,,,,,,,,,,
,,,,,,,,,,,,,,
,,,,,,,,,,,,,,
,,,,,,,,,,,,,,
,,,,,,,,,,,,,,
,,,,,,,,,,,,,,
,,,,,,,,,,,,,,
,,,,,,,,,,,,,,
,,,,,,,,,,,,,,
,,,,,,,,,,,,,,
,,,,,,,,,,,,,,
,,,,,,,,,,,,,,
,,,,,,,,,,,,,,
,,,,,,,,,,,,,,
,,,,,,,,,,,,,,
,,,,,,,,,,,,,,
,,,,,,,,,,,,,,
,,,,,,,,,,,,,,
,,,,,,,,,,,,,,
,,,,,,,,,,,,,,
,,,,,,,,,,,,,,
,,,,,,,,,,,,,,
,,,,,,,,,,,,,,
,,,,,,,,,,,,,,
,,,,,,,,,,,,,,
,,,,,,,,,,,,,,
,,,,,,,,,,,,,,
,,,,,,,,,,,,,,
,,,,,,,,,,,,,,
,,,,,,,,,,,,,,
,,,,,,,,,,,,,,
,,,,,,,,,,,,,,
,,,,,,,,,,,,,,
,,,,,,,,,,,,,,
,,,,,,,,,,,,,,
,,,,,,,,,,,,,,
,,,,,,,,,,,,,,
,,,,,,,,,,,,,,
,,,,,,,,,,,,,,
,,,,,,,,,,,,,,
,,,,,,,,,,,,,,
,,,,,,,,,,,,,,
,,,,,,,,,,,,,,
,,,,,,,,,,,,,,
,,,,,,,,,,,,,,
,,,,,,,,,,,,,,
,,,,,,,,,,,,,,
,,,,,,,,,,,,,,
,,,,,,,,,,,,,,
,,,,,,,,,,,,,,
,,,,,,,,,,,,,,
,,,,,,,,,,,,,,
,,,,,,,,,,,,,,
,,,,,,,,,,,,,,
,,,,,,,,,,,,,,
,,,,,,,,,,,,,,
,,,,,,,,,,,,,,
,,,,,,,,,,,,,,
,,,,,,,,,,,,,,
,,,,,,,,,,,,,,
,,,,,,,,,,,,,,
,,,,,,,,,,,,,,
,,,,,,,,,,,,,,
,,,,,,,,,,,,,,
,,,,,,,,,,,,,,
,,,,,,,,,,,,,,
,,,,,,,,,,,,,,
,,,,,,,,,,,,,,
,,,,,,,,,,,,,,
,,,,,,,,,,,,,,
,,,,,,,,,,,,,,
,,,,,,,,,,,,,,
,,,,,,,,,,,,,,
,,,,,,,,,,,,,,
,,,,,,,,,,,,,,
,,,,,,,,,,,,,,
,,,,,,,,,,,,,,
,,,,,,,,,,,,,,
,,,,,,,,,,,,,,
,,,,,,,,,,,,,,
,,,,,,,,,,,,,,
,,,,,,,,,,,,,,
,,,,,,,,,,,,,,
,,,,,,,,,,,,,,
,,,,,,,,,,,,,,
,,,,,,,,,,,,,,
,,,,,,,,,,,,,,
,,,,,,,,,,,,,,
,,,,,,,,,,,,,,
,,,,,,,,,,,,,,
,,,,,,,,,,,,,,
,,,,,,,,,,,,,,
,,,,,,,,,,,,,,
,,,,,,,,,,,,,,
,,,,,,,,,,,,,,
,,,,,,,,,,,,,,
,,,,,,,,,,,,,,
,,,,,,,,,,,,,,
,,,,,,,,,,,,,,
,,,,,,,,,,,,,,
,,,,,,,,,,,,,,
,,,,,,,,,,,,,,
,,,,,,,,,,,,,,
,,,,,,,,,,,,,,
,,,,,,,,,,,,,,
,,,,,,,,,,,,,,
,,,,,,,,,,,,,,
,,,,,,,,,,,,,,
,,,,,,,,,,,,,,
,,,,,,,,,,,,,,
,,,,,,,,,,,,,,
,,,,,,,,,,,,,,
,,,,,,,,,,,,,,
,,,,,,,,,,,,,,
,,,,,,,,,,,,,,
,,,,,,,,,,,,,,
,,,,,,,,,,,,,,
,,,,,,,,,,,,,,
,,,,,,,,,,,,,,
,,,,,,,,,,,,,,
,,,,,,,,,,,,,,
,,,,,,,,,,,,,,
,,,,,,,,,,,,,,
,,,,,,,,,,,,,,
,,,,,,,,,,,,,,
,,,,,,,,,,,,,,
,,,,,,,,,,,,,,
,,,,,,,,,,,,,,
,,,,,,,,,,,,,,
,,,,,,,,,,,,,,
,,,,,,,,,,,,,,
,,,,,,,,,,,,,,
,,,,,,,,,,,,,,
,,,,,,,,,,,,,,
,,,,,,,,,,,,,,
,,,,,,,,,,,,,,
,,,,,,,,,,,,,,
,,,,,,,,,,,,,,
,,,,,,,,,,,,,,
,,,,,,,,,,,,,,
,,,,,,,,,,,,,,
,,,,,,,,,,,,,,
,,,,,,,,,,,,,,
,,,,,,,,,,,,,,
,,,,,,,,,,,,,,
,,,,,,,,,,,,,,
,,,,,,,,,,,,,,
,,,,,,,,,,,,,,
,,,,,,,,,,,,,,
,,,,,,,,,,,,,,
,,,,,,,,,,,,,,
,,,,,,,,,,,,,,
,,,,,,,,,,,,,,
,,,,,,,,,,,,,,
,,,,,,,,,,,,,,
,,,,,,,,,,,,,,
,,,,,,,,,,,,,,
,,,,,,,,,,,,,,
,,,,,,,,,,,,,,
,,,,,,,,,,,,,,
,,,,,,,,,,,,,,
,,,,,,,,,,,,,,
,,,,,,,,,,,,,,
,,,,,,,,,,,,,,
,,,,,,,,,,,,,,
,,,,,,,,,,,,,,
,,,,,,,,,,,,,,
,,,,,,,,,,,,,,
,,,,,,,,,,,,,,
,,,,,,,,,,,,,,
,,,,,,,,,,,,,,
,,,,,,,,,,,,,,
,,,,,,,,,,,,,,
,,,,,,,,,,,,,,
,,,,,,,,,,,,,,
,,,,,,,,,,,,,,
,,,,,,,,,,,,,,
,,,,,,,,,,,,,,
,,,,,,,,,,,,,,
,,,,,,,,,,,,,,
,,,,,,,,,,,,,,
,,,,,,,,,,,,,,
,,,,,,,,,,,,,,
,,,,,,,,,,,,,,
,,,,,,,,,,,,,,
,,,,,,,,,,,,,,
,,,,,,,,,,,,,,
,,,,,,,,,,,,,,
,,,,,,,,,,,,,,
,,,,,,,,,,,,,,
,,,,,,,,,,,,,,
,,,,,,,,,,,,,,
,,,,,,,,,,,,,,
,,,,,,,,,,,,,,
,,,,,,,,,,,,,,
,,,,,,,,,,,,,,
,,,,,,,,,,,,,,
,,,,,,,,,,,,,,
,,,,,,,,,,,,,,
,,,,,,,,,,,,,,
,,,,,,,,,,,,,,
,,,,,,,,,,,,,,
,,,,,,,,,,,,,,
,,,,,,,,,,,,,,
,,,,,,,,,,,,,,
,,,,,,,,,,,,,,
,,,,,,,,,,,,,,
,,,,,,,,,,,,,,
,,,,,,,,,,,,,,
,,,,,,,,,,,,,,
,,,,,,,,,,,,,,
,,,,,,,,,,,,,,
,,,,,,,,,,,,,,
,,,,,,,,,,,,,,
,,,,,,,,,,,,,,
,,,,,,,,,,,,,,
,,,,,,,,,,,,,,
,,,,,,,,,,,,,,
,,,,,,,,,,,,,,
,,,,,,,,,,,,,,
,,,,,,,,,,,,,,
,,,,,,,,,,,,,,
,,,,,,,,,,,,,,
,,,,,,,,,,,,,,
,,,,,,,,,,,,,,
,,,,,,,,,,,,,,
,,,,,,,,,,,,,,
,,,,,,,,,,,,,,
,,,,,,,,,,,,,,
,,,,,,,,,,,,,,
,,,,,,,,,,,,,,
,,,,,,,,,,,,,,
,,,,,,,,,,,,,,
,,,,,,,,,,,,,,
,,,,,,,,,,,,,,
,,,,,,,,,,,,,,
,,,,,,,,,,,,,,
,,,,,,,,,,,,,,
,,,,,,,,,,,,,,
,,,,,,,,,,,,,,
,,,,,,,,,,,,,,
,,,,,,,,,,,,,,
,,,,,,,,,,,,,,
,,,,,,,,,,,,,,
,,,,,,,,,,,,,,
,,,,,,,,,,,,,,
,,,,,,,,,,,,,,
,,,,,,,,,,,,,,
,,,,,,,,,,,,,,
,,,,,,,,,,,,,,
,,,,,,,,,,,,,,
,,,,,,,,,,,,,,
,,,,,,,,,,,,,,
,,,,,,,,,,,,,,
,,,,,,,,,,,,,,
,,,,,,,,,,,,,,
,,,,,,,,,,,,,,
,,,,,,,,,,,,,,
,,,,,,,,,,,,,,
,,,,,,,,,,,,,,
,,,,,,,,,,,,,,
,,,,,,,,,,,,,,
,,,,,,,,,,,,,,
,,,,,,,,,,,,,,
,,,,,,,,,,,,,,
,,,,,,,,,,,,,,
,,,,,,,,,,,,,,
,,,,,,,,,,,,,,
,,,,,,,,,,,,,,
,,,,,,,,,,,,,,
,,,,,,,,,,,,,,
,,,,,,,,,,,,,,
,,,,,,,,,,,,,,
,,,,,,,,,,,,,,
,,,,,,,,,,,,,,
,,,,,,,,,,,,,,
,,,,,,,,,,,,,,
,,,,,,,,,,,,,,
,,,,,,,,,,,,,,
,,,,,,,,,,,,,,
,,,,,,,,,,,,,,
,,,,,,,,,,,,,,
,,,,,,,,,,,,,,
,,,,,,,,,,,,,,
,,,,,,,,,,,,,,
,,,,,,,,,,,,,,
,,,,,,,,,,,,,,
,,,,,,,,,,,,,,
,,,,,,,,,,,,,,
,,,,,,,,,,,,,,
,,,,,,,,,,,,,,
,,,,,,,,,,,,,,
,,,,,,,,,,,,,,
,,,,,,,,,,,,,,
,,,,,,,,,,,,,,
,,,,,,,,,,,,,,
,,,,,,,,,,,,,,
,,,,,,,,,,,,,,
,,,,,,,,,,,,,,
,,,,,,,,,,,,,,
,,,,,,,,,,,,,,
,,,,,,,,,,,,,,
,,,,,,,,,,,,,,
,,,,,,,,,,,,,,
,,,,,,,,,,,,,,
,,,,,,,,,,,,,,
,,,,,,,,,,,,,,
,,,,,,,,,,,,,,
,,,,,,,,,,,,,,
,,,,,,,,,,,,,,
,,,,,,,,,,,,,,
,,,,,,,,,,,,,,
,,,,,,,,,,,,,,
,,,,,,,,,,,,,,
,,,,,,,,,,,,,,
,,,,,,,,,,,,,,
,,,,,,,,,,,,,,
,,,,,,,,,,,,,,
,,,,,,,,,,,,,,
,,,,,,,,,,,,,,
,,,,,,,,,,,,,,
,,,,,,,,,,,,,,
,,,,,,,,,,,,,,
,,,,,,,,,,,,,,
,,,,,,,,,,,,,,
,,,,,,,,,,,,,,
,,,,,,,,,,,,,,
,,,,,,,,,,,,,,
,,,,,,,,,,,,,,
,,,,,,,,,,,,,,
,,,,,,,,,,,,,,
,,,,,,,,,,,,,,
,,,,,,,,,,,,,,
,,,,,,,,,,,,,,
,,,,,,,,,,,,,,
,,,,,,,,,,,,,,
,,,,,,,,,,,,,,
,,,,,,,,,,,,,,
,,,,,,,,,,,,,,
,,,,,,,,,,,,,,
,,,,,,,,,,,,,,
,,,,,,,,,,,,,,
,,,,,,,,,,,,,,
,,,,,,,,,,,,,,
,,,,,,,,,,,,,,
,,,,,,,,,,,,,,
,,,,,,,,,,,,,,
,,,,,,,,,,,,,,
,,,,,,,,,,,,,,
,,,,,,,,,,,,,,
,,,,,,,,,,,,,,
,,,,,,,,,,,,,,
,,,,,,,,,,,,,,
,,,,,,,,,,,,,,
,,,,,,,,,,,,,,
,,,,,,,,,,,,,,
,,,,,,,,,,,,,,
,,,,,,,,,,,,,,
,,,,,,,,,,,,,,
,,,,,,,,,,,,,,
,,,,,,,,,,,,,,
,,,,,,,,,,,,,,
,,,,,,,,,,,,,,
,,,,,,,,,,,,,,
,,,,,,,,,,,,,,
,,,,,,,,,,,,,,
,,,,,,,,,,,,,,
,,,,,,,,,,,,,,
,,,,,,,,,,,,,,
,,,,,,,,,,,,,,
,,,,,,,,,,,,,,
,,,,,,,,,,,,,,
,,,,,,,,,,,,,,
,,,,,,,,,,,,,,
,,,,,,,,,,,,,,
,,,,,,,,,,,,,,
,,,,,,,,,,,,,,
,,,,,,,,,,,,,,
,,,,,,,,,,,,,,
,,,,,,,,,,,,,,
,,,,,,,,,,,,,,
,,,,,,,,,,,,,,
,,,,,,,,,,,,,,
,,,,,,,,,,,,,,
,,,,,,,,,,,,,,
,,,,,,,,,,,,,,
,,,,,,,,,,,,,,
,,,,,,,,,,,,,,
,,,,,,,,,,,,,,
,,,,,,,,,,,,,,
,,,,,,,,,,,,,,
,,,,,,,,,,,,,,
,,,,,,,,,,,,,,
,,,,,,,,,,,,,,
,,,,,,,,,,,,,,
,,,,,,,,,,,,,,
,,,,,,,,,,,,,,
,,,,,,,,,,,,,,
,,,,,,,,,,,,,,
,,,,,,,,,,,,,,
,,,,,,,,,,,,,,
,,,,,,,,,,,,,,
,,,,,,,,,,,,,,
,,,,,,,,,,,,,,
,,,,,,,,,,,,,,
,,,,,,,,,,,,,,
,,,,,,,,,,,,,,
,,,,,,,,,,,,,,
,,,,,,,,,,,,,,
,,,,,,,,,,,,,,
,,,,,,,,,,,,,,
,,,,,,,,,,,,,,
,TAR & Feather Concessions,,,,,,,,,,,,,
